日付,場名,R,競走名,条件,格,距離,馬場,状態,天候,出走馬名,騎手,性齢,斤量,頭数,人気,単勝,結果,タイム,上り,着差,馬体重,増減,賞金,Rt,管理調教師,母父名,venue_type,race_class
2025-06-15,東京,5,メイクデビュー東京,2歳新馬,,1600,芝,稍重,曇,ユマハム,横山典弘,牡2,55.0,10,3,3.9,5,1:38.4,37.1,2.7,450,初出走,750000,,田中博康,Rainbow Quest,中央,条件・未勝利
2025-06-15,阪神,5,メイクデビュー阪神,2歳新馬,,1800,芝,重,曇,ムスクレスト,戸崎圭太,牡2,55.0,8,6,33.9,5,1:50.3,34.2,1.0,452,初出走,750000,,安田翔伍,Temple City,中央,条件・未勝利
2025-06-21,阪神,5,メイクデビュー阪神,2歳新馬,,1400,芝,良,晴,ビッグヒーロー,岩田望来,牡2,55.0,12,1,2.9,3,1:22.7,35.3,0.1,476,初出走,1900000,,福永祐一,Tale of Ekati,中央,条件・未勝利
2025-06-22,東京,5,メイクデビュー東京,2歳新馬,,1600,芝,良,晴,シャルトル,三浦皇成,牡2,55.0,16,3,5.5,5,1:35.8,35.8,1.2,440,初出走,750000,,栗田徹,Uncle Mo,中央,条件・未勝利
2025-06-22,阪神,5,メイクデビュー阪神,2歳新馬,,1600,芝,良,晴,バースデイフライト,和田竜二,牝2,55.0,10,9,43.6,3,1:37.5,34.6,0.3,452,初出走,1900000,,新谷功一,War Front,中央,条件・未勝利
2025-06-22,阪神,5,メイクデビュー阪神,2歳新馬,,1600,芝,良,晴,オーロラボレアリス,川田将雅,牝2,55.0,10,4,9.7,5,1:37.9,34.7,0.7,458,初出走,750000,,吉岡辰弥,To Honor and Serve,中央,条件・未勝利
2025-06-22,阪神,5,メイクデビュー阪神,2歳新馬,,1600,芝,良,晴,チェリヴェント,松山弘平,牡2,55.0,10,3,7.9,7,1:38.4,35.9,1.2,488,初出走,0,,清水久詞,Seccsessful Appeal,中央,条件・未勝利
2025-06-29,福島,5,メイクデビュー福島,2歳新馬,,1800,芝,良,晴,ジーネキング,大野拓弥,牡2,55.0,13,3,5.4,3,1:50.0,36.7,0.5,478,初出走,1900000,,斎藤誠,Into Mischief,中央,条件・未勝利
2025-07-12,小倉,5,メイクデビュー小倉,2歳新馬牝,,1800,芝,良,晴,ヒメヒオウギ,幸英明,牝2,55.0,12,6,20.0,2,1:51.0,36.7,0.2,396,初出走,3000000,,中竹和也,ステイゴールド,中央,条件・未勝利
2025-07-13,福島,5,メイクデビュー福島,2歳新馬,,1800,芝,良,晴,ルージュボヤージュ,荻野極,牝2,55.0,15,1,2.3,1,1:53.6,35.7,-0.7,468,初出走,7500000,,国枝栄,Orpen,中央,条件・未勝利
2025-07-26,中京,3,2歳未勝利,2歳未勝利,,1600,芝,良,晴,バースデイフライト,川田将雅,牝2,55.0,6,2,2.1,1,1:34.3,34.2,0.0,444,-8,5600000,,新谷功一,War Front,中央,条件・未勝利
2025-07-26,新潟,2,メイクデビュー新潟,2歳新馬牝,,1600,芝,良,晴,ボーントゥラブユー,三浦皇成,牝2,55.0,12,4,8.7,9,1:35.9,34.1,1.3,456,初出走,0,,小笠倫弘,Street Cry,中央,条件・未勝利
2025-07-27,中京,3,メイクデビュー中京,2歳新馬,,2000,芝,良,晴,ダノンセフィーロ,川田将雅,牡2,55.0,6,2,2.6,2,2:02.0,35.0,0.5,476,初出走,3000000,,福永祐一,Galileo,中央,条件・未勝利
2025-07-27,新潟,2,2歳未勝利,2歳未勝利,,1800,芝,良,晴,ジーネキング,戸崎圭太,牡2,55.0,6,2,4.4,2,1:47.8,33.4,0.4,476,-2,2200000,,斎藤誠,Into Mischief,中央,条件・未勝利
2025-08-02,中京,2,メイクデビュー中京,2歳新馬牝,,1600,芝,良,晴,コニーアイランド,川田将雅,牝2,55.0,7,1,1.9,1,1:35.4,33.9,-0.2,470,初出走,7500000,,中内田充正,All American,中央,条件・未勝利
2025-08-02,中京,2,メイクデビュー中京,2歳新馬牝,,1600,芝,良,晴,ウィズクィーン,松山弘平,牝2,55.0,7,2,2.5,2,1:35.6,34.3,0.2,428,初出走,3000000,,上村洋行,ロードカナロア,中央,条件・未勝利
2025-08-03,新潟,4,メイクデビュー新潟,2歳新馬,,1600,芝,良,晴,バドリナート,丸山元気,牡2,55.0,13,2,5.5,2,1:34.9,33.4,0.0,494,初出走,3000000,,松永幹夫,Galileo,中央,条件・未勝利
2025-08-03,札幌,5,メイクデビュー札幌,2歳新馬,,1800,芝,良,晴,トゥレネヴェリテ,横山武史,牡2,55.0,8,5,34.0,4,1:49.4,35.1,2.2,452,初出走,1100000,,中竹和也,Cozzene,中央,条件・未勝利
2025-08-09,中京,4,メイクデビュー中京,2歳新馬,,1400,芝,良,曇,ゴッドアイ,幸英明,牝2,55.0,11,,,除外,,,,426,初出走,0,,橋口慎介,アドマイヤムーン,中央,条件・未勝利
2025-08-10,中京,4,メイクデビュー中京,2歳新馬,,2000,芝,良,曇,スカイストライプス,北村友一,牡2,55.0,13,3,4.6,4,2:03.3,33.8,0.6,488,初出走,1100000,,安田翔伍,Equal Stripes,中央,条件・未勝利
2025-08-16,新潟,1,2歳未勝利,2歳未勝利,,1800,芝,良,晴,ジーネキング,戸崎圭太,牡2,55.0,13,1,1.5,1,1:48.2,34.4,-0.2,474,-2,5600000,,斎藤誠,Into mischief,中央,条件・未勝利
2025-08-17,中京,3,メイクデビュー中京,2歳新馬,,1600,芝,良,晴,スウィッチインラヴ,坂井瑠星,牝2,55.0,9,1,2.4,1,1:36.2,34.0,0.0,442,初出走,7500000,,矢作芳人,Galileo,中央,条件・未勝利
2025-08-17,新潟,3,2歳未勝利,2歳未勝利牝,,1600,芝,良,晴,ヒメヒオウギ,三浦皇成,牝2,55.0,11,3,7.5,11,1:38.0,36.7,2.2,396,0,0,,中竹和也,ステイゴールド,中央,条件・未勝利
2025-08-17,新潟,4,メイクデビュー新潟,2歳新馬,,1800,芝,良,晴,ルージュアリスタ,丸山元気,牝2,55.0,11,6,9.1,6,1:50.8,34.6,1.3,498,初出走,0,,宮田敬介,Afleet Alex,中央,条件・未勝利
2025-08-17,札幌,5,メイクデビュー札幌,2歳新馬,,1800,芝,稍重,雨,ジーティーメティオ,藤岡佑介,牝2,55.0,5,1,1.9,2,1:52.6,35.1,0.0,460,初出走,3000000,,矢作芳人,Montjeu,中央,条件・未勝利
2025-08-23,中京,5,メイクデビュー中京,2歳新馬,,1400,芝,良,曇,ゴッドアイ,松山弘平,牝2,55.0,10,1,2.1,2,1:22.5,35.1,0.2,430,初出走,3000000,,橋口慎介,アドマイヤムーン,中央,条件・未勝利
2025-08-24,中京,3,2歳未勝利,2歳未勝利,,1600,芝,良,晴,ビッグヒーロー,川田将雅,牡2,55.0,8,1,2.4,2,1:33.8,34.5,0.4,480,4,1900000,,福永祐一,Tale of Ekati,中央,条件・未勝利
2025-08-24,中京,3,2歳未勝利,2歳未勝利,,1600,芝,良,晴,オーロラボレアリス,高杉吏麒,牝2,54.0,8,6,9.4,5,1:34.3,35.3,0.9,458,0,560000,,吉岡辰弥,To Honor and Serve,中央,条件・未勝利
2025-08-24,新潟,6,メイクデビュー新潟,2歳新馬,,1600,芝,良,晴,ジュラトリー,津村明秀,牝2,55.0,14,3,5.2,3,1:35.7,34.0,0.8,460,初出走,1900000,,池上昌和,Lope de Vega,中央,条件・未勝利
2025-08-24,札幌,5,メイクデビュー札幌,2歳新馬,,2000,芝,良,晴,エーデルゼーレ,K.ティータン,牡2,55.0,11,5,9.4,4,2:05.4,35.9,0.9,466,初出走,1100000,,堀宣行,Curlin,中央,条件・未勝利
2025-08-31,中京,5,メイクデビュー中京,2歳新馬,,2000,芝,良,晴,レッドラージャ,岩田望来,牡2,55.0,7,1,1.9,5,2:05.2,34.4,0.5,506,初出走,750000,,友道康夫,Giant's Causeway,中央,条件・未勝利
2025-08-31,札幌,5,メイクデビュー札幌,2歳新馬,,1800,芝,稍重,曇,ネッタイヤライ,古川奈穂,牡2,52.0,8,1,1.8,2,1:51.8,35.2,0.2,438,初出走,3000000,,矢作芳人,キンシャサノキセキ,中央,条件・未勝利
2025-09-06,札幌,11,札幌2歳S,2歳OP,GIII,1800,芝,良,曇,ジーネキング,斎藤新,牡2,55.0,12,10,31.1,2,1:50.6,36.1,0.0,478,4,12122000,107,斎藤誠,Into Mischief,中央,重賞
2025-09-06,阪神,2,2歳未勝利,2歳未勝利,,2000,芝,良,晴,バドリナート,坂井瑠星,牡2,55.0,5,1,1.4,1,2:00.9,35.1,-0.7,490,-4,5600000,,松永幹夫,Galileo,中央,条件・未勝利
2025-09-13,中山,5,メイクデビュー中山,2歳新馬牝,,1600,芝,稍重,曇,サンセリテ,戸崎圭太,牝2,55.0,16,1,2.1,2,1:36.0,34.0,0.0,438,初出走,3000000,,鹿戸雄一,Street Sence,中央,条件・未勝利
2025-09-13,中山,5,メイクデビュー中山,2歳新馬牝,,1600,芝,稍重,曇,アリアス,横山武史,牝2,55.0,16,7,18.9,10,1:37.4,35.6,1.4,416,初出走,0,,高柳瑞樹,シンボリクリスエス,中央,条件・未勝利
2025-09-15,阪神,2,2歳未勝利,2歳未勝利牝,,1600,芝,良,晴,ウィズクィーン,松山弘平,牝2,55.0,8,1,2.3,6,1:36.1,33.7,0.7,426,-2,0,,上村洋行,ロードカナロア,中央,条件・未勝利
2025-09-20,阪神,1,2歳未勝利,2歳未勝利,,1800,ダート,良,曇,レッドラージャ,岩田望来,牡2,55.0,10,3,4.0,6,1:56.2,40.7,0.9,506,0,0,,友道康夫,Giant's Causeway,中央,条件・未勝利
2025-09-20,阪神,2,2歳未勝利,2歳未勝利,,2000,芝,良,曇,ネッタイヤライ,古川奈穂,牡2,52.0,7,2,2.2,4,2:00.7,37.2,1.0,434,-4,840000,,矢作芳人,キンシャサノキセキ,中央,条件・未勝利
2025-09-20,阪神,5,メイクデビュー阪神,2歳新馬,,1600,芝,良,曇,マリノエステーラ,池添謙一,牝2,55.0,14,8,36.0,11,1:37.1,34.7,2.0,452,初出走,0,,中竹和也,First Samurai,中央,条件・未勝利
2025-09-20,阪神,8,野路菊S,2歳OP,,1600,芝,良,曇,スウィッチインラヴ,坂井瑠星,牝2,55.0,6,2,2.4,2,1:34.1,34.5,0.6,442,0,6440000,100,矢作芳人,Galileo,中央,オープン
2025-09-21,阪神,2,2歳未勝利,2歳未勝利,,1600,芝,良,晴,ビッグヒーロー,川田将雅,牡2,55.0,13,1,3.1,3,1:34.1,35.2,0.3,476,-4,1400000,,福永祐一,Tale of Ekati,中央,条件・未勝利
2025-09-21,阪神,5,メイクデビュー阪神,2歳新馬,,1800,芝,良,晴,コスモフィレンツェ,和田竜二,牡2,55.0,9,1,2.3,2,1:47.3,34.2,0.1,488,初出走,3000000,,北出成人,Nathaniel,中央,条件・未勝利
2025-09-27,阪神,5,メイクデビュー阪神,2歳新馬,,2000,芝,良,晴,フリーガー,坂井瑠星,牡2,55.0,11,3,5.8,1,2:01.5,35.3,0.0,446,初出走,7500000,,矢作芳人,Ghostzapper,中央,条件・未勝利
2025-09-27,阪神,5,メイクデビュー阪神,2歳新馬,,2000,芝,良,晴,アスピラシオン,岩田望来,牡2,55.0,11,6,21.1,6,2:03.0,36.6,1.5,488,初出走,0,,上村洋行,Van Nistelrooy,中央,条件・未勝利
2025-09-28,中山,3,2歳未勝利,2歳未勝利,,2000,芝,良,晴,エーデルゼーレ,J.モレイラ,牡2,55.0,16,2,3.4,2,2:01.1,33.9,0.4,462,-4,2200000,,堀宣行,Curlin,中央,条件・未勝利
2025-10-04,京都,2,2歳未勝利,2歳未勝利,,2000,芝,稍重,雨,ウィズクィーン,岩田望来,牝2,55.0,8,3,7.2,1,2:02.9,34.3,-0.4,424,-2,5600000,,上村洋行,ロードカナロア,中央,条件・未勝利
2025-10-04,京都,5,メイクデビュー京都,2歳新馬,,2000,芝,重,小雨,エアヴァイブス,武豊,牝2,55.0,14,4,5.8,10,2:04.2,36.5,1.9,446,初出走,0,,福永祐一,ハービンジャー,中央,条件・未勝利
2025-10-04,京都,5,メイクデビュー京都,2歳新馬,,2000,芝,重,小雨,ライトフライヤー,岩田望来,牡2,56.0,14,5,12.8,12,2:04.6,37.1,2.3,484,初出走,0,,吉岡辰弥,Pivotal,中央,条件・未勝利
2025-10-04,東京,2,2歳未勝利,2歳未勝利,,2000,芝,良,曇,スカイストライプス,横山典弘,牡2,56.0,9,1,2.1,4,2:00.7,34.6,0.4,488,0,840000,,安田翔伍,Equal Stripes,中央,条件・未勝利
2025-10-04,東京,5,メイクデビュー東京,2歳新馬,,1800,芝,良,曇,エコロセレナ,丹内祐次,牝2,55.0,17,9,32.5,11,1:49.5,35.1,1.2,474,初出走,0,,斎藤誠,アドマイヤムーン,中央,条件・未勝利
2025-10-05,京都,5,メイクデビュー京都,2歳新馬,,1800,芝,稍重,小雨,マーゴットガイア,吉村誠之助,牝2,54.0,13,6,16.1,10,1:50.1,35.5,1.3,490,初出走,0,,石坂公一,Camelot,中央,条件・未勝利
2025-10-05,京都,5,メイクデビュー京都,2歳新馬,,1800,芝,稍重,小雨,アオイハルカ,永島まなみ,牝2,53.0,13,3,5.4,13,1:50.4,35.1,1.6,448,初出走,0,,大久保龍志,キングカメハメハ,中央,条件・未勝利
2025-10-05,東京,5,メイクデビュー東京,2歳新馬,,2000,芝,良,晴,ゴーイントゥスカイ,荻野極,牡2,56.0,15,2,4.0,1,2:00.8,34.3,0.0,488,初出走,7500000,,上原佑紀,Tapit,中央,条件・未勝利
2025-10-05,東京,5,メイクデビュー東京,2歳新馬,,2000,芝,良,晴,ルージュバロン,岩田望来,牝2,55.0,15,3,5.7,6,2:01.5,34.4,0.7,466,初出走,0,,福永祐一,Afleet Alex,中央,条件・未勝利
2025-10-05,東京,6,メイクデビュー東京,2歳新馬,,1600,ダート,良,晴,リアライズガイザー,西村淳也,牡2,56.0,16,1,2.1,3,1:40.6,36.6,0.1,508,初出走,1900000,,杉山晴紀,City Zip,中央,条件・未勝利
2025-10-10,ウッドバイン,1,Maiden Special Weight,2yo Maiden,,1700,AW,Fast,晴,Grand Warrior,R M Hernandez,牡2,,6,3,,5,1:50.88,41.6,3.3,,,0,,K Atterd,アグネスデジタル,海外,条件・未勝利
2025-10-11,東京,5,メイクデビュー東京,2歳新馬,,1600,芝,良,雨,レアリゼソンレーヴ,三浦皇成,牡2,56.0,14,7,23.4,6,1:36.8,34.2,0.3,472,初出走,0,,萩原清,Dubawi,中央,条件・未勝利
2025-10-12,京都,3,2歳未勝利,2歳未勝利,,2000,芝,良,曇,アスピラシオン,岩田康誠,牡2,56.0,9,5,20.6,8,2:00.8,36.1,1.3,490,2,0,,上村洋行,Van Nistelrooy,中央,条件・未勝利
2025-10-12,京都,5,メイクデビュー京都,2歳新馬,,2000,芝,良,曇,ボンボンベイビー,坂井瑠星,牡2,56.0,13,3,8.1,8,2:01.6,34.6,1.1,456,初出走,0,,矢作芳人,Galileo,中央,条件・未勝利
2025-10-13,東京,6,メイクデビュー東京,2歳新馬牝,,1600,芝,良,晴,フロンテアムーン,舟山瑠泉,牝2,52.0,17,11,43.5,5,1:34.6,34.8,0.4,414,初出走,750000,,国枝栄,メイショウサムソン,中央,条件・未勝利
2025-10-13,東京,6,メイクデビュー東京,2歳新馬牝,,1600,芝,良,晴,スカイドリーマー,三浦皇成,牝2,55.0,17,2,5.4,9,1:34.9,34.4,0.7,442,初出走,0,,木村哲也,Giant's Causeway,中央,条件・未勝利
2025-10-18,京都,2,2歳未勝利,2歳未勝利,,1800,ダート,稍重,曇,ライトフライヤー,菱田裕二,牡2,56.0,10,6,20.8,4,1:54.1,39.3,1.8,486,2,840000,,吉岡辰弥,Pivotal,中央,条件・未勝利
2025-10-18,京都,5,メイクデビュー京都,2歳新馬牝,,1600,芝,良,小雨,メイワメジェール,西村淳也,牝2,55.0,13,3,4.1,8,1:36.5,36.1,1.7,462,初出走,0,,茶木太樹,Oflee Wild,中央,条件・未勝利
2025-10-18,新潟,1,2歳未勝利,2歳未勝利,,1600,芝,良,曇,チェリヴェント,松山弘平,牡2,56.0,13,4,6.9,8,1:34.9,33.8,1.0,502,14,0,,清水久詞,Successful Appeal,中央,条件・未勝利
2025-10-18,東京,3,2歳未勝利,2歳未勝利,,1800,芝,良,晴,ダノンセフィーロ,川田将雅,牡2,56.0,8,1,1.6,1,1:47.5,34.4,-0.1,480,4,5600000,,福永祐一,Galileo,中央,条件・未勝利
2025-10-18,東京,5,メイクデビュー東京,2歳新馬,,1600,芝,良,晴,ハニージョー,C.ルメール,牡2,56.0,16,7,15.1,3,1:34.6,34.5,0.5,508,初出走,1900000,,矢島大樹,Mizzen Mast,中央,条件・未勝利
2025-10-19,京都,2,2歳未勝利,2歳未勝利,,1800,芝,良,曇,ボンボンベイビー,岩田望来,牡2,56.0,6,4,10.5,5,1:47.7,34.6,0.3,456,0,560000,,矢作芳人,Galileo,中央,条件・未勝利
2025-10-19,京都,4,メイクデビュー京都,2歳新馬,,1400,芝,良,曇,シティプロスパー,丹内祐次,牝2,56.0,17,15,172.6,13,1:23.9,36.0,1.7,444,初出走,0,,小栗実,City Zip,中央,条件・未勝利
2025-10-19,京都,5,メイクデビュー京都,2歳新馬,,2000,芝,良,曇,ヴァロンブローサ,北村友一,牡2,56.0,11,5,9.7,1,2:02.1,35.8,-0.2,462,初出走,7500000,,池添学,Galileo,中央,条件・未勝利
2025-10-19,京都,5,メイクデビュー京都,2歳新馬,,2000,芝,良,曇,パウンドフォーワン,坂井瑠星,牡2,56.0,11,4,8.2,4,2:02.4,35.6,0.3,488,初出走,1100000,,田中克典,Invincible Spirit,中央,条件・未勝利
2025-10-19,京都,5,メイクデビュー京都,2歳新馬,,2000,芝,良,曇,マジョレルブルー,川田将雅,牡2,56.0,11,3,5.1,5,2:02.4,35.9,0.3,464,初出走,750000,,友道康夫,シンボリクリスエス,中央,条件・未勝利
2025-10-19,東京,5,メイクデビュー東京,2歳新馬,,1800,芝,良,雨,ランズダウンロード,戸崎圭太,牡2,56.0,18,1,3.1,6,1:50.8,33.9,0.6,470,初出走,0,,木村哲也,Medicean,中央,条件・未勝利
2025-10-25,京都,1,2歳未勝利,2歳未勝利,,1400,ダート,良,曇,リアライズガイザー,西村淳也,牡2,56.0,14,1,2.5,6,1:27.1,40.4,0.8,514,6,0,,杉山晴紀,City Zip,中央,条件・未勝利
2025-10-25,京都,5,メイクデビュー京都,2歳新馬,,1600,芝,良,曇,アスクウルトラモア,西村淳也,牡2,56.0,14,6,21.7,8,1:36.4,35.9,1.6,408,初出走,0,,矢作芳人,Kendargent,中央,条件・未勝利
2025-10-25,東京,11,アルテミスS,2歳OP牝,GIII,1600,芝,稍重,雨,バースデイフライト,和田竜二,牝2,55.0,10,6,16.3,8,1:34.7,34.4,0.9,458,14,0,98,新谷功一,War Front,中央,重賞
2025-10-25,東京,2,2歳未勝利,2歳未勝利牝,,1600,芝,良,小雨,ジュラトリー,津村明秀,牝2,55.0,10,3,10.6,3,1:35.2,34.8,0.3,470,10,1400000,,池上昌和,Lope de Vega,中央,条件・未勝利
2025-10-25,東京,2,2歳未勝利,2歳未勝利牝,,1600,芝,良,小雨,ボーントゥラブユー,三浦皇成,牝2,55.0,10,5,24.5,4,1:35.2,34.8,0.3,464,8,840000,,小笠倫弘,Street Cry,中央,条件・未勝利
2025-10-25,東京,2,2歳未勝利,2歳未勝利牝,,1600,芝,良,小雨,サンセリテ,戸崎圭太,牝2,55.0,10,1,1.1,6,1:35.8,36.0,0.9,440,2,0,,鹿戸雄一,Street Sence,中央,条件・未勝利
2025-10-25,東京,5,メイクデビュー東京,2歳新馬,,2000,芝,良,小雨,ジングアップ,木幡巧也,牡2,56.0,9,8,54.8,7,2:04.0,34.3,0.9,440,初出走,0,,大竹正博,Storm Cat,中央,条件・未勝利
2025-10-26,京都,5,メイクデビュー京都,2歳新馬,,1800,芝,稍重,曇,テルヒコウ,坂井瑠星,牡2,56.0,10,3,7.0,1,1:50.5,33.7,-0.4,486,初出走,7500000,,矢作芳人,ヴィクトワールピサ,中央,条件・未勝利
2025-10-26,京都,5,メイクデビュー京都,2歳新馬,,1800,芝,稍重,曇,スウィーティーベル,北村友一,牝2,55.0,10,5,23.0,5,1:51.7,34.1,1.2,408,初出走,750000,,田中克典,Star Dabbler,中央,条件・未勝利
2025-10-26,京都,5,メイクデビュー京都,2歳新馬,,1800,芝,稍重,曇,グラシアムヘール,松山弘平,牝2,55.0,10,2,6.4,7,1:52.0,34.9,1.5,496,初出走,0,,藤原英昭,Quality Road,中央,条件・未勝利
2025-10-26,京都,9,萩S,2歳OP,L,1800,芝,稍重,曇,バドリナート,坂井瑠星,牡2,56.0,8,3,4.0,1,1:47.1,34.3,-0.1,488,-2,17168000,106,松永幹夫,Galileo,中央,リステッド
2025-10-26,東京,5,メイクデビュー東京,2歳新馬,,1800,芝,稍重,小雨,ゲンパチミスティ,大野拓弥,牝2,55.0,16,12,87.8,16,1:55.0,36.8,5.4,474,初出走,0,,西田雄一郎,Into Mischief,中央,条件・未勝利
2025-10-31,デルマー,8,BCJFターフ,2yo Fillies,GI,1609,芝,Firm,晴,スウィッチインラヴ,坂井瑠星,牝2,,12,5,9.8,11,1:37.11,38.9,2.0,,,0,88,矢作芳人,Galileo,海外,重賞
2025-11-02,京都,5,メイクデビュー京都,2歳新馬,,1600,芝,良,晴,カモンレイル,鮫島克駿,牡2,56.0,15,8,26.8,13,1:37.9,36.4,2.0,446,初出走,0,,中竹和也,ウォーエンブレム,中央,条件・未勝利
2025-11-08,京都,2,2歳未勝利,2歳未勝利,,1400,芝,良,晴,アスクウルトラモア,古川奈穂,牡2,53.0,15,12,191.1,14,1:23.6,35.4,2.7,406,-2,0,,矢作芳人,Kendargent,中央,条件・未勝利
2025-11-08,京都,3,2歳未勝利,2歳未勝利,,1800,芝,良,晴,ネッタイヤライ,松山弘平,牡2,56.0,9,2,3.5,1,1:47.2,34.3,-0.1,448,18,5600000,,矢作芳人,キンシャサノキセキ,中央,条件・未勝利
2025-11-08,京都,3,2歳未勝利,2歳未勝利,,1800,芝,良,晴,シティプロスパー,高杉吏麒,牝2,55.0,9,8,181.8,8,1:48.6,35.3,1.4,442,-2,0,,小栗実,City Zip,中央,条件・未勝利
2025-11-08,京都,6,メイクデビュー京都,2歳新馬,,1400,芝,良,晴,ゴッドレイ,松若風馬,牝2,55.0,11,4,7.2,2,1:22.8,35.2,0.1,404,初出走,3000000,,杉山晴紀,ダイワメジャー,中央,条件・未勝利
2025-11-08,福島,1,2歳未勝利,2歳未勝利牝,,1700,ダート,良,晴,ルージュアリスタ,丸山元気,牝2,55.0,14,2,3.5,4,1:48.6,39.1,0.3,496,-2,840000,,宮田敬介,Afleet Alex,中央,条件・未勝利
2025-11-09,京都,3,2歳未勝利,2歳未勝利,,2000,芝,稍重,雨,パウンドフォーワン,坂井瑠星,牡2,56.0,8,5,13.8,3,2:04.6,35.7,0.3,490,2,1400000,,田中克典,Invincible Spirit,中央,条件・未勝利
2025-11-09,京都,3,2歳未勝利,2歳未勝利,,2000,芝,稍重,雨,チェリヴェント,松山弘平,牡2,56.0,8,7,35.1,7,2:05.9,37.1,1.6,500,-2,0,,清水久詞,Successful Appeal,中央,条件・未勝利
2025-11-09,東京,1,2歳未勝利,2歳未勝利牝,,1600,芝,良,小雨,フロンテアムーン,戸崎圭太,牝2,55.0,16,3,8.2,12,1:36.1,35.1,1.2,412,-2,0,,国枝栄,メイショウサムソン,中央,条件・未勝利
2025-11-09,東京,3,2歳未勝利,2歳未勝利,,1400,芝,良,小雨,シャルトル,岩田望来,牡2,56.0,18,3,7.5,1,1:21.5,34.0,-0.3,450,10,5600000,,栗田徹,Uncle Mo,中央,条件・未勝利
2025-11-09,東京,5,メイクデビュー東京,2歳新馬,,2000,芝,良,小雨,ヴォートセレスト,A.プーシャン,牡2,56.0,6,3,4.1,1,2:00.8,33.4,0.0,496,初出走,7500000,,奥村武,American Post,中央,条件・未勝利
2025-11-09,東京,5,メイクデビュー東京,2歳新馬,,2000,芝,良,小雨,クオンタムスター,鮫島克駿,牡2,56.0,6,4,14.7,3,2:01.1,34.4,0.3,488,初出走,1900000,,堀宣行,Mastercraftsman,中央,条件・未勝利
2025-11-15,ウッドバイン,4,Maiden Optional Claiming,2yo Maiden,,1710,AW,Fast,曇,Grand Warrior,R M Hernandez,牡2,,9,3,,4,1:48.85,37.5,0.4,,,0,,K Atterd,アグネスデジタル,海外,条件・未勝利
2025-11-15,京都,5,メイクデビュー京都,2歳新馬牝,,1600,芝,良,晴,スピーチバルーン,西村淳也,牝2,55.0,18,9,37.4,14,1:38.0,36.0,2.3,424,初出走,0,,吉村圭司,Mr Speaker,中央,条件・未勝利
2025-11-16,京都,3,2歳未勝利,2歳未勝利,,1600,芝,良,晴,ムスクレスト,武豊,牡2,56.0,15,5,18.8,3,1:34.5,35.5,0.6,470,18,1100000,,安田翔伍,Temple City,中央,条件・未勝利
2025-11-16,京都,5,メイクデビュー京都,2歳新馬,,2000,芝,良,晴,フィオーレクラウド,田山旺佑,牝2,52.0,9,8,84.4,7,2:04.4,37.1,2.5,448,初出走,0,,長谷川浩大,シンボリクリスエス,中央,条件・未勝利
2025-11-16,東京,2,2歳未勝利,2歳未勝利,,1800,芝,良,晴,ランズダウンロード,A.プーシャン,牡2,56.0,18,2,3.4,1,1:46.3,35.0,-0.1,474,4,5600000,,木村哲也,Medicean,中央,条件・未勝利
2025-11-16,東京,2,2歳未勝利,2歳未勝利,,1800,芝,良,晴,ビッグヒーロー,団野大成,牡2,56.0,18,1,2.9,2,1:46.4,34.9,0.1,482,6,2200000,,福永祐一,Tale of Ekati,中央,条件・未勝利
2025-11-22,京都,4,2歳未勝利,2歳未勝利,,1800,芝,良,晴,カモンレイル,岩田望来,牡2,56.0,11,9,281.3,10,1:50.6,38.0,3.7,446,0,0,,中竹和也,ウォーエンブレム,中央,条件・未勝利
2025-11-23,京都,3,2歳未勝利,2歳未勝利,,2000,芝,良,晴,レッドラージャ,C.デムーロ,牡2,56.0,16,4,8.3,6,2:01.0,35.9,0.6,514,8,0,,友道康夫,Giant's Causeway,中央,条件・未勝利
2025-11-23,京都,5,メイクデビュー京都,2歳新馬,,1800,芝,良,晴,コンゴウフジ,武豊,牡2,56.0,9,5,12.7,7,1:48.9,35.0,1.1,478,初出走,0,,福永祐一,キングヘイロー,中央,条件・未勝利
2025-11-23,東京,2,2歳未勝利,2歳未勝利牝,,1800,芝,良,曇,エコロセレナ,斎藤新,牝2,55.0,18,14,39.0,5,1:48.0,35.5,0.8,470,-4,560000,,斎藤誠,アドマイヤムーン,中央,条件・未勝利
2025-11-23,東京,2,2歳未勝利,2歳未勝利牝,,1800,芝,良,曇,ボーントゥラブユー,三浦皇成,牝2,55.0,18,7,321.7,12,1:48.4,34.8,1.2,470,6,0,,小笠倫弘,Street Cry,中央,条件・未勝利
2025-11-24,東京,11,東スポ杯2歳S,2歳OP,GII,1800,芝,良,晴,テルヒコウ,坂井瑠星,牡2,56.0,12,7,18.6,4,1:46.4,33.9,0.4,486,0,5700000,105,矢作芳人,ヴィクトワールピサ,中央,重賞
2025-11-24,東京,2,2歳未勝利,2歳未勝利,,1400,芝,良,晴,アリアス,菅原明良,牝2,55.0,18,11,135.4,5,1:22.1,34.5,0.8,428,12,560000,,高柳瑞樹,シンボリクリスエス,中央,条件・未勝利
2025-11-29,京都,11,京都2歳S,2歳OP,GIII,2000,芝,良,晴,ゴーイントゥスカイ,荻野極,牡2,56.0,11,3,6.2,3,2:00.6,35.2,0.2,496,8,8356000,109,上原佑紀,Tapit,中央,重賞
2025-11-29,京都,11,京都2歳S,2歳OP,GIII,2000,芝,良,晴,ネッタイヤライ,松山弘平,牡2,56.0,11,11,51.5,4,2:00.8,36.0,0.4,438,-10,5000000,106,矢作芳人,キンシャサノキセキ,中央,重賞
2025-11-29,京都,11,京都2歳S,2歳OP,GIII,2000,芝,良,晴,フリーガー,坂井瑠星,牡2,56.0,11,8,24.0,8,2:01.2,35.5,0.8,446,0,0,101,矢作芳人,Ghostzapper,中央,重賞
2025-11-30,京都,2,2歳未勝利,2歳未勝利,,1800,芝,良,晴,チェリヴェント,吉村誠之助,牡2,55.0,13,5,19.1,6,1:47.7,36.1,1.3,498,-2,0,,清水久詞,Successful Appeal,中央,条件・未勝利
2025-11-30,京都,6,メイクデビュー京都,2歳新馬,,2000,芝,良,晴,ショウナンアンバー,吉村誠之助,牡2,55.0,9,5,8.2,3,2:03.2,35.7,1.1,466,初出走,1900000,,清水久詞,フジキセキ,中央,条件・未勝利
2025-11-30,京都,6,メイクデビュー京都,2歳新馬,,2000,芝,良,晴,ポッドリプル,菱田裕二,牡2,56.0,9,3,5.5,4,2:03.4,35.7,1.1,472,初出走,1100000,,辻野泰之,Charm Spirit,中央,条件・未勝利
2025-11-30,京都,9,白菊賞,2歳1勝牝,,1600,芝,良,晴,バースデイフライト,和田竜二,牝2,55.0,11,7,22.8,3,1:34.2,34.7,0.6,452,-6,2833000,,新谷功一,War Front,中央,条件・未勝利
2025-11-30,京都,9,白菊賞,2歳1勝牝,,1600,芝,良,晴,コニーアイランド,西村淳也,牝2,55.0,11,3,4.0,4,1:34.2,34.8,0.6,480,10,1700000,,中内田充正,All American,中央,条件・未勝利
2025-12-06,中山,2,2歳未勝利,2歳未勝利牝,,1800,ダート,良,晴,ルージュアリスタ,T.マーカンド,牝2,55.0,13,1,2.2,5,1:57.0,40.4,0.6,494,-2,560000,,宮田敬介,Afleet Alex,中央,条件・未勝利
2025-12-06,中山,3,2歳未勝利,2歳未勝利,,1600,芝,良,晴,エコロセレナ,鮫島克駿,牝2,55.0,15,5,18.5,9,1:36.1,34.3,0.7,470,0,0,,斎藤誠,アドマイヤムーン,中央,条件・未勝利
2025-12-06,中山,5,メイクデビュー中山,2歳新馬,,2000,芝,良,晴,エースフライト,戸崎圭太,牡2,56.0,18,2,2.8,4,2:01.6,35.1,0.5,512,初出走,1100000,,池江泰寿,Bellamy Road,中央,条件・未勝利
2025-12-06,中山,9,葉牡丹賞,2歳1勝,,2000,芝,良,晴,ヴァロンブローサ,T.マーカンド,牡2,56.0,11,5,17.3,5,1:58.9,34.7,0.7,458,-4,1110000,,池添学,Galileo,中央,条件・未勝利
2025-12-06,阪神,3,2歳未勝利,2歳未勝利牝,,1600,芝,良,晴,オーロラボレアリス,西村淳也,牝2,55.0,17,8,24.6,6,1:34.5,33.9,0.9,472,14,0,,吉岡辰弥,To Honor and Serve,中央,条件・未勝利
2025-12-06,阪神,5,メイクデビュー阪神,2歳新馬,,2000,芝,良,晴,ドンテスタマスター,坂井瑠星,牡2,56.0,10,3,5.5,2,2:04.5,34.1,0.1,524,初出走,3000000,,杉山晴紀,Intikhab,中央,条件・未勝利
2025-12-07,ウッドバイン,4,Maiden Optional Claiming,2yo Maiden,,1710,AW,Fast,雪,Grand Warrior,Eswan Flores,牡2,,6,4,,6,1:49.64,41.3,2.1,,,0,,K Atterd,アグネスデジタル,海外,条件・未勝利
2025-12-07,阪神,3,2歳未勝利,2歳未勝利,,1400,芝,良,晴,ゴッドアイ,鮫島克駿,牝2,55.0,18,7,19.2,3,1:20.8,35.1,0.6,428,-2,1400000,,橋口慎介,アドマイヤムーン,中央,条件・未勝利
2025-12-07,阪神,5,メイクデビュー阪神,2歳新馬,,1600,芝,良,晴,アンソニー,M.デムーロ,牡2,56.0,17,2,4.4,1,1:36.2,33.3,0.0,502,初出走,7500000,,武幸四郎,ヨハネスブルグ,中央,条件・未勝利
2025-12-07,阪神,5,メイクデビュー阪神,2歳新馬,,1600,芝,良,晴,アスクブームキセキ,西塚洸二,牡2,55.0,17,3,6.6,5,1:36.8,34.0,0.6,460,初出走,750000,,藤原英昭,フジキセキ,中央,条件・未勝利
2025-12-07,阪神,5,メイクデビュー阪神,2歳新馬,,1600,芝,良,晴,クールマイユール,北村友一,牡2,56.0,17,5,12.4,13,1:37.2,34.2,1.0,464,初出走,0,,福永祐一,Epaulette,中央,条件・未勝利
2025-12-13,中京,4,2歳未勝利,2歳未勝利,,1600,芝,良,曇,ムスクレスト,武豊,牡2,56.0,13,2,3.4,4,1:34.9,34.2,0.6,460,-10,840000,,安田翔伍,Temple City,中央,条件・未勝利
2025-12-13,中京,4,2歳未勝利,2歳未勝利,,1600,芝,良,曇,ライトフライヤー,斎藤新,牡2,56.0,13,7,17.1,6,1:35.1,34.9,0.8,486,0,0,,吉岡辰弥,Pivotal,中央,条件・未勝利
2025-12-13,中京,5,メイクデビュー中京,2歳新馬,,2000,芝,良,曇,フウセン,武豊,牡2,56.0,12,4,8.7,3,2:01.7,33.4,0.3,462,初出走,1900000,,杉山晴紀,Afleet Alex,中央,条件・未勝利
2025-12-13,阪神,2,2歳未勝利,2歳未勝利,,1800,ダート,良,晴,スカイストライプス,C.デムーロ,牡2,56.0,10,2,2.6,1,1:53.7,36.9,-1.4,494,6,5600000,,安田翔伍,Equal Stripes,中央,条件・未勝利
2025-12-13,阪神,5,メイクデビュー阪神,2歳新馬,,1800,芝,良,晴,サガルマータ,川田将雅,牡2,56.0,7,3,4.1,3,1:49.2,33.6,0.3,462,初出走,1900000,,福永祐一,City Banker,中央,条件・未勝利
2025-12-13,阪神,5,メイクデビュー阪神,2歳新馬,,1800,芝,良,晴,ノートルダム,坂井瑠星,牝2,55.0,7,4,9.9,6,1:50.9,35.5,2.0,442,初出走,0,,矢作芳人,Sea The Stars,中央,条件・未勝利
2025-12-13,阪神,9,エリカ賞,2歳1勝,,2000,芝,良,晴,フリーガー,坂井瑠星,牡2,56.0,9,5,19.3,8,2:03.7,34.5,1.8,446,0,0,,矢作芳人,Ghostzapper,中央,条件・未勝利
2025-12-14,中京,4,2歳未勝利,2歳未勝利,,2000,芝,稍重,曇,マーゴットガイア,小崎綾也,牝2,55.0,13,5,14.5,2,2:02.1,35.6,0.1,484,-6,2200000,,石坂公一,Camelot,中央,条件・未勝利
2025-12-14,中山,2,2歳未勝利,2歳未勝利,,1200,芝,良,雨,アリアス,菅原明良,牝2,55.0,16,6,19.5,5,1:10.8,35.3,0.7,428,0,560000,,高柳瑞樹,シンボリクリスエス,中央,条件・未勝利
2025-12-14,阪神,3,2歳未勝利,2歳未勝利,,1800,芝,稍重,晴,ヒメヒオウギ,古川吉洋,牝2,55.0,11,3,10.3,10,1:48.3,37.1,1.9,410,14,0,,中竹和也,ステイゴールド,中央,条件・未勝利
2025-12-20,中京,4,2歳未勝利,2歳未勝利牝,,1600,芝,稍重,曇,メイワメジェール,吉田隼人,牝2,55.0,16,8,16.9,6,1:35.8,35.8,0.5,466,4,0,,茶木太樹,Oflee Wild,中央,条件・未勝利
2025-12-20,中京,5,2歳未勝利,2歳未勝利,,2000,芝,稍重,曇,ポッドリプル,菱田裕二,牡2,56.0,18,7,25.9,7,2:03.0,35.8,0.5,472,0,0,,辻野泰之,Charm Spirit,中央,条件・未勝利
2025-12-20,中山,5,メイクデビュー中山,2歳新馬,,2000,芝,良,曇,オートカリテ,木幡巧也,牝2,55.0,17,13,143.1,7,2:03.4,36.1,1.6,510,初出走,0,,牧光二,Quality Road,中央,条件・未勝利
2025-12-20,中山,9,ひいらぎ賞,2歳1勝,,1600,芝,良,曇,バースデイフライト,A.プーシャン,牝2,55.0,12,7,23.9,6,1:34.1,35.3,1.2,456,4,0,,新谷功一,War Front,中央,条件・未勝利
2025-12-20,阪神,2,2歳未勝利,2歳未勝利,,2000,芝,良,晴,アスピラシオン,岩田康誠,牡2,56.0,16,8,132.0,11,2:02.6,35.5,1.9,490,0,0,,上村洋行,Van Nistelrooy,中央,条件・未勝利
2025-12-20,阪神,2,2歳未勝利,2歳未勝利,,2000,芝,良,晴,ショウナンアンバー,吉村誠之助,牡2,56.0,16,6,67.0,14,2:02.8,36.0,2.1,452,-14,0,,清水久詞,フジキセキ,中央,条件・未勝利
2025-12-20,阪神,3,2歳未勝利,2歳未勝利,,1600,芝,良,晴,アスクブームキセキ,吉村誠之助,牡2,56.0,18,7,20.9,5,1:34.0,34.4,0.4,456,-4,560000,,藤原英昭,フジキセキ,中央,条件・未勝利
2025-12-20,阪神,5,メイクデビュー阪神,2歳新馬牝,,1600,芝,良,晴,アグレイビューティ,岩田康誠,牝2,55.0,18,9,28.5,7,1:35.9,33.4,0.4,470,初出走,0,,上村洋行,Mastercraftsman,中央,条件・未勝利
2025-12-21,阪神,3,2歳未勝利,2歳未勝利牝,,1800,芝,稍重,雨,スウィーティーベル,北村友一,牝2,55.0,18,12,71.0,8,1:48.2,34.2,0.7,406,-2,0,,田中克典,Star Dabbler,中央,条件・未勝利
2025-12-21,阪神,3,2歳未勝利,2歳未勝利牝,,1800,芝,稍重,雨,マリノエステーラ,池添謙一,牝2,55.0,18,16,419.4,16,1:49.3,35.5,1.8,440,-12,0,,中竹和也,First Samurai,中央,条件・未勝利
2025-12-21,阪神,5,メイクデビュー阪神,2歳新馬,,1800,芝,重,雨,ラパンドール,松山弘平,牡2,56.0,12,2,4.4,4,1:48.8,33.5,0.2,450,初出走,1100000,,藤原英昭,Tapit,中央,条件・未勝利
2025-12-21,阪神,5,メイクデビュー阪神,2歳新馬,,1800,芝,重,雨,ジーティーアリア,北村友一,牝2,55.0,12,7,15.4,7,1:49.0,34.3,0.4,458,初出走,0,,田中克典,Siyouni,中央,条件・未勝利
2025-12-27,中山,11,ホープフルS,2歳OP,GI,2000,芝,良,曇,バドリナート,坂井瑠星,牡2,56.0,16,5,6.4,5,2:01.4,35.2,0.4,492,4,7000000,110,松永幹夫,Galileo,中央,重賞
2025-12-27,中山,11,ホープフルS,2歳OP,GI,2000,芝,良,曇,ジーネキング,斎藤新,牡2,56.0,16,11,55.0,12,2:02.1,36.1,1.1,490,12,0,102,斎藤誠,Into Mischief,中央,重賞
2025-12-27,阪神,5,メイクデビュー阪神,2歳新馬,,2000,芝,良,晴,ダノンミッドナイト,C.デムーロ,牡2,56.0,14,1,3.2,4,2:03.2,34.4,0.6,492,初出走,1100000,,中内田充正,キンシャサノキセキ,中央,条件・未勝利
2025-12-27,阪神,5,メイクデビュー阪神,2歳新馬,,2000,芝,良,晴,レッドレグルス,団野大成,牡2,56.0,14,9,40.2,5,2:03.3,34.2,0.7,470,初出走,750000,,杉山晴紀,ゼンノロブロイ,中央,条件・未勝利
2025-12-28,中山,6,メイクデビュー中山,2歳新馬,,2000,芝,良,晴,コンジェスタス,C.デムーロ,牡2,56.0,18,4,8.3,1,2:03.6,35.3,-0.1,530,初出走,7500000,,高野友和,Alamosa,中央,条件・未勝利
2025-12-28,阪神,3,2歳未勝利,2歳未勝利,,1800,芝,良,晴,エースフライト,岩田望来,牡2,56.0,18,2,4.3,9,1:47.4,36.1,1.2,514,2,0,,池江泰寿,Bellamy Road,中央,条件・未勝利
2026-01-04,中山,6,メイクデビュー中山,3歳新馬,,2000,芝,良,晴,ルシアージュ,内田博幸,牝3,55.0,17,8,18.1,6,2:04.3,35.3,0.3,436,初出走,0,,高柳瑞樹,エイシンフラッシュ,中央,条件・未勝利
2026-01-04,中山,6,メイクデビュー中山,3歳新馬,,2000,芝,良,晴,アルタティール,長浜鴻緒,牡3,55.0,17,16,84.2,15,2:06.5,36.4,2.5,432,初出走,0,,手塚貴久,Poet's Voice,中央,条件・未勝利
2026-01-04,京都,3,3歳未勝利,3歳未勝利,,1400,ダート,良,晴,ムスクレスト,武豊,牡3,57.0,16,7,13.0,6,1:27.1,37.4,0.5,466,6,0,,安田翔伍,Temple City,中央,条件・未勝利
2026-01-04,京都,6,3歳1勝クラス,3歳1勝,,2000,芝,良,曇,ウィズクィーン,坂井瑠星,牝3,55.0,7,6,12.4,3,2:01.2,34.8,0.3,440,16,2100000,,上村洋行,ロードカナロア,中央,条件・未勝利
2026-01-04,京都,6,3歳1勝クラス,3歳1勝,,2000,芝,良,曇,ヴァロンブローサ,T.ハマーハンセン,牡3,57.0,7,3,4.8,7,2:01.9,34.8,1.0,460,2,0,,池添学,Galileo,中央,条件・未勝利
2026-01-05,中山,6,3歳未勝利,3歳未勝利,,2000,芝,良,晴,クオンタムスター,佐々木大輔,牡3,57.0,18,6,18.7,4,2:01.6,35.6,0.5,484,-4,890000,,堀宣行,Mastercraftsman,中央,条件・未勝利
2026-01-05,中山,7,3歳1勝クラス,3歳1勝,,2000,芝,良,晴,アンソニー,津村明秀,牡3,57.0,10,4,5.8,5,2:01.6,35.9,0.5,504,2,820000,,武幸四郎,ヨハネスブルグ,中央,条件・未勝利
2026-01-05,京都,2,3歳未勝利,3歳未勝利,,1900,ダート,良,晴,トゥレネヴェリテ,柴田裕一郎,牡3,55.0,16,7,28.6,13,2:03.9,40.0,3.0,464,12,0,,中竹和也,Cozzene,中央,条件・未勝利
2026-01-05,京都,4,3歳1勝クラス,3歳1勝,,1800,ダート,良,晴,スカイストライプス,川田将雅,牡3,57.0,11,1,2.2,4,1:53.2,37.0,0.8,498,4,1200000,,安田翔伍,Equal Stripes,中央,条件・未勝利
2026-01-05,京都,5,3歳未勝利,3歳未勝利,,2000,芝,良,晴,ノートルダム,古川奈穂,牝3,52.0,17,10,65.8,14,2:03.6,36.0,1.3,442,0,0,,矢作芳人,Sea The Stars,中央,条件・未勝利
2026-01-05,京都,6,3歳未勝利,3歳未勝利,,1600,芝,良,晴,エアヴァイブス,高杉吏麒,牝3,55.0,14,6,17.5,2,1:35.5,35.3,0.2,428,-18,2400000,,福永祐一,ハービンジャー,中央,条件・未勝利
2026-01-05,京都,6,3歳未勝利,3歳未勝利,,1600,芝,良,晴,ジーティーアリア,北村友一,牝3,55.0,14,5,13.8,8,1:36.0,35.7,0.7,456,-2,0,,田中克典,Siyouni,中央,条件・未勝利
2026-01-10,中山,5,メイクデビュー中山,3歳新馬,,2000,芝,良,晴,ランザワールド,戸崎圭太,牝3,55.0,15,3,6.1,1,2:02.2,34.7,-0.1,496,初出走,6500000,,宮田敬介,Custom for Carlos,中央,条件・未勝利
2026-01-10,京都,5,3歳未勝利,3歳未勝利牝,,1600,芝,良,晴,アオイハルカ,藤岡佑介,牝3,55.0,18,8,31.4,6,1:35.8,35.7,0.6,436,-12,0,,大久保龍志,キングカメハメハ,中央,条件・未勝利
2026-01-10,京都,6,3歳未勝利,3歳未勝利,,2400,芝,良,晴,レッドラージャ,岩田望来,牡3,57.0,18,1,4.3,3,2:27.6,36.0,0.4,516,2,1500000,,友道康夫,Giant's Causeway,中央,条件・未勝利
2026-01-10,京都,6,3歳未勝利,3歳未勝利,,2400,芝,良,晴,ボンボンベイビー,西村淳也,牡3,57.0,18,7,15.7,8,2:28.4,36.8,1.2,454,-2,0,,矢作芳人,Galileo,中央,条件・未勝利
2026-01-11,中山,6,3歳未勝利,3歳未勝利,,2200,芝,良,晴,ジングアップ,佐々木大輔,牡3,57.0,17,7,29.4,6,2:14.5,36.3,0.7,446,6,0,,大竹正博,Storm Cat,中央,条件・未勝利
2026-01-11,京都,1,3歳未勝利,3歳未勝利,,1800,ダート,良,晴,マリノエステーラ,橋木太希,牝3,52.0,16,16,254.1,11,1:57.6,39.4,2.7,440,0,0,,中竹和也,First Samurai,中央,条件・未勝利
2026-01-11,京都,12,3歳未勝利,3歳未勝利,,1800,芝,良,晴,レッドレグルス,川田将雅,牡3,57.0,18,5,10.1,8,1:50.2,35.3,1.0,476,6,0,,杉山晴紀,ゼンノロブロイ,中央,条件・未勝利
2026-01-12,中山,8,3歳1勝クラス,3歳1勝,,1200,芝,良,晴,シャルトル,三浦皇成,牡3,57.0,11,4,9.4,4,1:08.5,33.6,0.3,450,0,1010000,,栗田徹,Uncle Mo,中央,条件・未勝利
2026-01-17,京都,10,紅梅S,3歳OP,L,1400,芝,良,晴,スウィッチインラヴ,坂井瑠星,牝3,55.0,9,5,12.2,9,1:23.4,36.1,2.7,446,前計不,0,,矢作芳人,Galileo,中央,リステッド
2026-01-17,京都,5,3歳未勝利,3歳未勝利牝,,2000,芝,良,晴,アグレイビューティ,岩田康誠,牝3,55.0,18,6,13.6,7,2:01.5,36.6,0.4,466,-4,0,,上村洋行,Mastercraftsman,中央,条件・未勝利
2026-01-17,京都,5,3歳未勝利,3歳未勝利牝,,2000,芝,良,晴,メイワメジェール,吉村誠之助,牝3,55.0,18,9,92.5,16,2:04.0,39.2,2.9,470,4,0,,茶木太樹,Oflee Wild,中央,条件・未勝利
2026-01-18,中山,11,京成杯,3歳OP,GIII,2000,芝,良,晴,ジーネキング,斎藤新,牡3,57.0,15,7,27.3,10,1:59.9,35.3,0.6,492,2,0,,斎藤誠,Into Mischief,中央,重賞
2026-01-18,中山,12,3歳未勝利,3歳未勝利牝,,1600,芝,良,晴,サンセリテ,戸崎圭太,牝3,55.0,16,2,4.4,9,1:35.1,35.4,0.9,442,2,0,,鹿戸雄一,Street Sense,中央,条件・未勝利
2026-01-18,中山,2,3歳未勝利,3歳未勝利牝,,1800,ダート,良,晴,ゲンパチミスティ,水沼元輝,牝3,52.0,16,15,192.6,11,2:00.0,42.4,2.6,466,-8,0,,西田雄一郎,Into Mischief,中央,条件・未勝利
2026-01-18,京都,5,メイクデビュー京都,3歳新馬,,2000,芝,良,晴,ロードスタニング,川田将雅,牡3,57.0,17,1,2.1,2,2:03.7,35.2,0.2,508,初出走,2600000,,杉山晴紀,キングカメハメハ,中央,条件・未勝利
2026-01-18,京都,5,メイクデビュー京都,3歳新馬,,2000,芝,良,晴,ラピス,横山典弘,牝3,55.0,17,8,33.9,7,2:04.4,35.4,0.9,472,初出走,0,,安田翔伍,Frankel,中央,条件・未勝利
2026-01-18,京都,5,メイクデビュー京都,3歳新馬,,2000,芝,良,晴,ラルクアンレーヴ,武豊,牡3,57.0,17,4,6.5,10,2:04.7,35.9,1.2,422,初出走,0,,清水久詞,サクラバクシンオー,中央,条件・未勝利
2026-01-18,京都,5,メイクデビュー京都,3歳新馬,,2000,芝,良,晴,ベルドゥニュイ,坂井瑠星,牝3,55.0,17,11,81.3,16,2:05.6,36.5,2.1,454,初出走,0,,矢作芳人,キンシャサノキセキ,中央,条件・未勝利
2026-01-24,京都,5,3歳未勝利,3歳未勝利,,2200,芝,良,晴,パウンドフォーワン,横山武史,牡3,57.0,18,5,15.8,4,2:16.1,34.9,0.6,486,-4,890000,,田中克典,Invincible Spirit,中央,条件・未勝利
2026-01-24,京都,5,3歳未勝利,3歳未勝利,,2200,芝,良,晴,ドンテスタマスター,坂井瑠星,牡3,57.0,18,3,5.1,5,2:16.3,34.9,0.8,528,4,590000,,杉山晴紀,Intikhab,中央,条件・未勝利
2026-01-24,京都,5,3歳未勝利,3歳未勝利,,2200,芝,良,晴,トゥレネヴェリテ,中井裕二,牡3,57.0,18,13,124.7,13,2:18.1,36.3,2.6,458,-6,0,,中竹和也,Cozzene,中央,条件・未勝利
2026-01-24,京都,9,若駒S,3歳OP,L,2000,芝,良,晴,ウィズクィーン,武豊,牝3,55.0,13,7,17.4,9,2:02.6,36.1,1.4,432,-8,0,,上村洋行,ロードカナロア,中央,リステッド
2026-01-24,小倉,2,3歳未勝利,3歳未勝利,,1800,芝,良,晴,ポッドリプル,菱田裕二,牡3,57.0,16,7,41.0,4,1:46.5,34.3,0.4,462,-10,890000,,辻野泰之,Charm Spirit,中央,条件・未勝利
2026-01-24,小倉,2,3歳未勝利,3歳未勝利,,1800,芝,良,晴,ヒメヒオウギ,柴田裕一郎,牝3,53.0,16,10,84.2,8,1:47.7,34.9,1.6,402,-8,0,,中竹和也,ステイゴールド,中央,条件・未勝利
2026-01-25,中山,12,3歳未勝利,3歳未勝利,,1600,芝,良,晴,フロンテアムーン,上里直汰,牝3,52.0,16,9,77.0,4,1:35.1,36.7,1.8,400,-12,890000,,国枝栄,メイショウサムソン,中央,条件・未勝利
2026-01-25,中山,2,3歳未勝利,3歳未勝利牝,,1800,ダート,良,晴,ゲンパチミスティ,遠藤汰月,牝3,52.0,14,14,442.1,9,2:00.8,42.6,2.9,466,0,0,,西田雄一郎,Into Mischief,中央,条件・未勝利
2026-01-25,京都,2,3歳未勝利,3歳未勝利,,1900,ダート,良,晴,ボンボンベイビー,高杉吏麒,牡3,57.0,16,7,20.0,9,2:03.5,38.8,1.1,450,-4,0,,矢作芳人,Galileo,中央,条件・未勝利
2026-01-25,京都,5,メイクデビュー京都,3歳新馬,,1600,芝,良,晴,メメボス,菱田裕二,牝3,55.0,18,15,77.6,3,1:36.1,35.2,0.2,472,初出走,1600000,,飯田祐史,ノヴェリスト,中央,条件・未勝利
2026-01-25,京都,9,河津桜賞,3歳1勝,,1600,芝,良,晴,ジーティーメティオ,坂井瑠星,牝3,55.0,9,5,12.4,9,1:35.2,37.1,1.5,472,12,0,,矢作芳人,Montjeu,中央,条件・未勝利
2026-01-25,小倉,2,3歳未勝利,3歳未勝利,,1200,芝,良,晴,ゴッドレイ,松若風馬,牝3,55.0,18,1,3.2,17,1:10.0,35.5,2.0,400,-4,0,,杉山晴紀,ダイワメジャー,中央,条件・未勝利
2026-01-27,姫路,5,養久7ハロン3歳C1,3歳C1,,1400,ダート,良,曇,アスピラシオン,山本咲希到,牡3,56.0,12,2,4.1,1,1:34.9,39.8,-0.1,505,15,800000,,森澤友貴,Van Nistelrooy,地方,条件・未勝利
2026-01-31,京都,3,3歳未勝利,3歳未勝利,,1400,ダート,良,晴,レヴァンターセ,団野大成,牡3,57.0,13,7,36.5,7,1:27.2,38.1,1.5,468,初出走,0,,田中克典,ヴィクトワールピサ,中央,条件・未勝利
2026-01-31,京都,4,3歳未勝利,3歳未勝利,,1800,ダート,良,晴,ベルドゥニュイ,菱田裕二,牝3,55.0,11,10,247.6,7,1:57.2,39.3,1.1,448,-6,0,,矢作芳人,キンシャサノキセキ,中央,条件・未勝利
2026-01-31,京都,5,メイクデビュー京都,3歳新馬,,2000,芝,良,晴,ココロヅヨサ,菱田裕二,牡3,57.0,15,8,22.4,11,2:04.8,35.6,1.4,460,初出走,0,,田中克典,Bodemeister,中央,条件・未勝利
2026-01-31,京都,6,3歳未勝利,3歳未勝利,,1600,芝,良,晴,アオイハルカ,池添謙一,牝3,55.0,16,5,10.7,12,1:36.5,36.5,1.4,430,-6,0,,大久保龍志,キングカメハメハ,中央,条件・未勝利
2026-01-31,小倉,2,3歳未勝利,3歳未勝利牝,,2000,芝,良,晴,スピーチバルーン,川又賢治,牝3,55.0,18,16,429.2,9,2:00.9,35.1,1.1,424,0,0,,吉村圭司,Mr Speaker,中央,条件・未勝利
2026-01-31,東京,5,メイクデビュー東京,3歳新馬,,1800,芝,良,晴,ウイルソン,松山弘平,牡3,57.0,16,2,3.8,2,1:48.6,33.7,0.4,484,初出走,2600000,,杉山晴紀,キングカメハメハ,中央,条件・未勝利
2026-02-01,京都,1,3歳未勝利,3歳未勝利牝,,1800,ダート,良,晴,グラシアムヘール,高杉吏麒,牝3,55.0,13,3,6.5,1,1:55.9,37.0,-0.1,492,-2,5900000,,藤原英昭,Quality Road,中央,条件・未勝利
2026-02-01,京都,1,3歳未勝利,3歳未勝利牝,,1800,ダート,良,晴,マリノエステーラ,酒井学,牝3,55.0,13,12,340.3,6,1:57.5,38.6,1.6,436,-2,0,,中竹和也,First Samurai,中央,条件・未勝利
2026-02-01,京都,5,3歳未勝利,3歳未勝利,,2000,芝,良,晴,フウセン,武豊,牡3,57.0,13,3,4.2,3,2:02.9,34.8,0.8,462,0,1500000,,杉山晴紀,Afleet Alex,中央,条件・未勝利
2026-02-01,小倉,5,メイクデビュー小倉,3歳新馬,,1200,芝,良,曇,ブライトエンジェル,角田大和,牝3,55.0,18,4,10.0,3,1:09.1,34.4,0.5,452,初出走,1600000,,角田晃一,ロードカナロア,中央,条件・未勝利
2026-02-01,小倉,6,3歳未勝利,3歳未勝利,,2000,芝,良,曇,レッドラージャ,西塚洸二,牡3,56.0,18,2,5.4,5,2:00.4,35.5,0.3,508,-8,590000,,友道康夫,Giant's Causeway,中央,条件・未勝利
2026-02-01,東京,12,3歳未勝利,3歳未勝利,,1800,芝,良,晴,スカイドリーマー,三浦皇成,牝3,55.0,16,7,21.2,6,1:47.8,34.6,1.0,436,-6,0,,木村哲也,Giant's Causeway,中央,条件・未勝利
2026-02-01,東京,2,3歳未勝利,3歳未勝利,,2100,ダート,良,晴,ルージュアリスタ,松山弘平,牝3,55.0,13,3,5.2,4,2:16.9,40.6,2.2,496,2,890000,,宮田敬介,Afleet Alex,中央,条件・未勝利
2026-02-01,東京,3,3歳未勝利,3歳未勝利,,1600,ダート,良,晴,ボーントゥラブユー,坂井瑠星,牝3,55.0,16,4,6.9,15,1:42.0,40.6,3.0,480,10,0,,小笠倫弘,Street Cry,中央,条件・未勝利
2026-02-07,京都,3,3歳未勝利,3歳未勝利,,1400,ダート,良,曇,ポッドリプル,松山弘平,牡3,57.0,14,2,3.4,3,1:26.3,37.0,0.3,470,8,1500000,,辻野泰之,Charm Spirit,中央,条件・未勝利
2026-02-07,京都,5,3歳未勝利,3歳未勝利牝,,1600,芝,良,曇,オーロラボレアリス,幸英明,牝3,55.0,14,10,15.4,2,1:35.2,35.0,0.0,468,-4,2400000,,吉岡辰弥,To Honor and Serve,中央,条件・未勝利
2026-02-07,東京,5,メイクデビュー東京,3歳新馬,,1800,芝,良,小雪,カットソロ,横山武史,牡3,57.0,16,2,3.4,2,1:49.6,34.3,0.1,520,初出走,2600000,,矢作芳人,キングヘイロー,中央,条件・未勝利
2026-02-07,東京,6,3歳未勝利,3歳未勝利,,1600,芝,良,雪,ジュラトリー,R.キング,牡3,55.0,16,5,6.9,5,1:35.1,34.6,0.2,462,-8,590000,,池上昌和,Lope de Vega,中央,条件・未勝利
2026-02-07,東京,6,3歳未勝利,3歳未勝利,,1600,芝,良,雪,レアリゼソンレーヴ,佐々木大輔,牡3,57.0,16,9,22.5,9,1:35.4,34.1,0.6,482,10,0,,萩原清,Dubawi,中央,条件・未勝利
2026-02-08,小倉,2,3歳未勝利,3歳未勝利,,1200,芝,良,曇,ゴッドアイ,鮫島克駿,牝3,55.0,17,2,3.5,3,1:09.1,34.8,0.2,428,0,1500000,,橋口慎介,アドマイヤムーン,中央,条件・未勝利
2026-02-08,小倉,6,3歳未勝利,3歳未勝利,,1800,芝,良,曇,ムスクレスト,鮫島克駿,牡3,57.0,16,2,4.7,1,1:49.8,35.3,-0.4,472,6,5900000,,安田翔伍,Temple City,中央,条件・未勝利
2026-02-10,京都,11,きさらぎ賞,3歳OP,GIII,1800,芝,良,曇,ゴーイントゥスカイ,荻野極,牡3,57.0,9,3,4.2,6,1:48.3,33.2,0.3,512,16,0,,上原佑紀,Tapit,中央,重賞
2026-02-10,京都,5,メイクデビュー京都,3歳新馬,,1600,芝,良,晴,サトノレクタス,T.ハマーハンセン,牝3,55.0,16,7,13.8,5,1:37.6,34.0,0.7,436,初出走,650000,,奥村豊,Street Cry,中央,条件・未勝利
2026-02-10,京都,6,3歳未勝利,3歳未勝利,,2400,芝,良,晴,パウンドフォーワン,松山弘平,牡3,57.0,15,3,5.5,1,2:27.6,37.3,0.0,486,0,5900000,,田中克典,Invincible Spirit,中央,条件・未勝利
2026-02-10,京都,6,3歳未勝利,3歳未勝利,,2400,芝,良,晴,ラピス,横山和生,牝3,55.0,15,4,11.2,5,2:28.2,36.6,0.6,438,-4,590000,,安田翔伍,Frankel,中央,条件・未勝利
2026-02-10,東京,2,3歳未勝利,3歳未勝利,,2100,ダート,稍重,曇,ボンボンベイビー,菅原明良,牡3,57.0,13,4,9.2,6,2:16.3,40.7,2.1,454,4,0,,矢作芳人,Galileo,中央,条件・未勝利
2026-02-10,東京,9,ゆりかもめ賞,3歳1勝,,2400,芝,良,曇,ダノンセフィーロ,岩田望来,牡3,57.0,7,3,6.2,7,2:29.2,34.8,1.1,494,14,0,,福永祐一,Galileo,中央,条件・未勝利
2026-02-14,京都,4,3歳未勝利,3歳未勝利,,1400,ダート,稍重,晴,レヴァンターセ,浜中俊,牡3,57.0,16,11,66.6,14,1:29.0,40.4,3.8,466,-2,0,,田中克典,ヴィクトワールピサ,中央,条件・未勝利
2026-02-14,京都,5,メイクデビュー京都,3歳新馬,,1800,ダート,稍重,晴,サンライズレマ,菱田裕二,牡3,57.0,,,,取消,,,,,,0,,石坂公一,ジャスタウェイ,中央,条件・未勝利
2026-02-14,小倉,9,あすなろ賞,3歳1勝,,2000,芝,良,曇,アンソニー,松若風馬,牡3,57.0,10,5,11.6,3,2:01.5,35.1,0.4,496,-8,2900000,,武幸四郎,ヨハネスブルグ,中央,条件・未勝利
2026-02-15,京都,5,3歳未勝利,3歳未勝利牝,,2000,芝,良,曇,ジーティーメティオ,藤岡佑介,牝3,55.0,15,2,3.4,5,2:03.1,35.8,1.0,458,-14,590000,,矢作芳人,Montjeu,中央,条件・未勝利
2026-02-15,京都,6,3歳未勝利,3歳未勝利,,1600,芝,良,曇,ラパンドール,C.ルメール,牡3,57.0,18,1,1.9,4,1:34.9,34.9,0.8,444,-9,890000,,藤原英昭,Tapit,中央,条件・未勝利
2026-02-15,東京,5,3歳未勝利,3歳未勝利,,1800,芝,良,晴,ヤマメホープ,田辺裕信,牡3,57.0,16,9,60.3,6,1:48.3,34.2,0.5,484,初出走,0,,久保田貴士,Hard Spun,中央,条件・未勝利
2026-02-21,小倉,2,3歳未勝利,3歳未勝利牝,,1200,芝,良,晴,ブライトエンジェル,角田大和,牝3,55.0,18,2,6.6,3,1:09.1,34.9,0.3,454,2,1500000,,角田晃一,ロードカナロア,中央,条件・未勝利
2026-02-21,小倉,6,3歳未勝利,3歳未勝利,,1800,芝,良,晴,レッドラージャ,西塚洸二,牡3,57.0,16,1,4.3,1,1:49.3,35.2,-0.2,506,-2,5900000,,友道康夫,Giant's Causeway,中央,条件・未勝利
2026-02-21,小倉,6,3歳未勝利,3歳未勝利,,1800,芝,良,晴,アスクウルトラモア,古川奈穂,牡3,54.0,16,15,202.3,14,1:50.7,36.1,1.4,400,-6,0,,矢作芳人,Kendargent,中央,条件・未勝利
2026-02-21,阪神,2,3歳未勝利,3歳未勝利,,1800,ダート,良,晴,チェリヴェント,鮫島克駿,牡3,57.0,14,3,3.6,1,1:54.8,37.2,-0.5,506,8,5900000,,清水久詞,Successful Appeal,中央,条件・未勝利
2026-02-21,阪神,4,メイクデビュー京都,3歳新馬,,1800,ダート,良,晴,サンライズレマ,菱田裕二,牡3,57.0,14,9,27.9,9,1:58.0,39.3,2.5,490,初出走,0,,石坂公一,ジャスタウェイ,中央,条件・未勝利
2026-02-21,阪神,5,3歳未勝利,3歳未勝利,,1600,芝,良,晴,メメボス,菱田裕二,牝3,55.0,18,12,86.4,13,1:35.2,34.9,1.0,456,-16,0,,飯田祐史,ノヴェリスト,中央,条件・未勝利
2026-02-21,阪神,5,3歳未勝利,3歳未勝利,,1600,芝,良,晴,アスクブームキセキ,松山弘平,牡3,57.0,18,4,9.8,14,1:35.3,34.9,1.1,458,2,0,,藤原英昭,フジキセキ,中央,条件・未勝利
2026-02-21,阪神,6,3歳未勝利,3歳未勝利,,2400,芝,良,晴,サガルマータ,川田将雅,牡3,57.0,11,3,4.3,1,2:26.9,34.5,-0.4,460,-2,5900000,,福永祐一,City Banker,中央,条件・未勝利
2026-02-21,阪神,6,3歳未勝利,3歳未勝利,,2400,芝,良,晴,カットソロ,坂井瑠星,牡3,57.0,11,4,6.6,3,2:27.8,35.1,0.9,516,-4,1500000,,矢作芳人,キングヘイロー,中央,条件・未勝利
2026-02-22,小倉,5,3歳未勝利,3歳未勝利,,2000,芝,良,晴,ココロヅヨサ,浜中俊,牡3,57.0,13,10,35.7,5,2:01.4,36.1,0.9,464,4,590000,,田中克典,Bodemeister,中央,条件・未勝利
2026-02-22,東京,1,3歳未勝利,3歳未勝利,,1400,ダート,良,晴,エコロセレナ,岩田康誠,牝3,55.0,16,7,14.5,5,1:27.4,37.6,1.2,466,-4,590000,,斎藤誠,アドマイヤムーン,中央,条件・未勝利
2026-02-22,東京,5,3歳1勝クラス,3歳1勝,,1600,芝,良,晴,ルージュボヤージュ,R.キング,牝3,55.0,12,4,5.9,5,1:33.9,35.3,0.7,482,14,820000,,国枝栄,Orpen,中央,条件・未勝利
2026-02-22,東京,5,3歳1勝クラス,3歳1勝,,1600,芝,良,晴,シャルトル,岩田望来,牡3,57.0,12,6,35.9,6,1:34.2,34.9,1.0,454,4,0,,栗田徹,Uncle Mo,中央,条件・未勝利
2026-02-22,阪神,5,3歳未勝利,3歳未勝利,,2000,芝,良,晴,サトノレクタス,T.ハマーハンセン,牝3,55.0,13,2,6.0,2,2:00.7,34.8,0.6,430,-6,2400000,,奥村豊,Street Cry,中央,条件・未勝利
2026-02-22,阪神,5,3歳未勝利,3歳未勝利,,2000,芝,良,晴,ウイングサンライズ,松山弘平,牝3,55.0,13,3,7.3,9,2:01.8,36.0,1.7,402,初出走,0,,矢作芳人,Harland's Holiday,中央,条件・未勝利
2026-02-25,姫路,9,3歳B,3歳B,,1400,ダート,不良,雨,アスピラシオン,山本咲希到,牡3,56.0,12,1,1.8,4,1:35.9,42.0,1.8,493,-13,150000,,森澤友貴,Van Nistelrooy,地方,条件・未勝利
2026-02-28,中山,5,3歳未勝利,3歳未勝利,,2000,芝,良,晴,アルタティール,江田照男,牡3,57.0,18,16,280.7,15,2:02.6,35.2,0.9,428,-4,0,,手塚貴久,Poet's Voice,中央,条件・未勝利
2026-02-28,小倉,6,3歳未勝利,3歳未勝利,,2000,芝,稍重,晴,レッドレグルス,和田陽希,牡3,54.0,16,8,29.9,6,2:02.5,36.6,0.7,470,-6,0,,杉山晴紀,ゼンノロブロイ,中央,条件・未勝利
2026-02-28,阪神,5,3歳未勝利,3歳未勝利,,1800,芝,良,晴,ビッグヒーロー,団野大成,牡3,57.0,14,2,3.2,3,1:46.3,35.3,0.6,494,12,1500000,,福永祐一,Tale of Ekati,中央,条件・未勝利
2026-02-28,阪神,5,3歳未勝利,3歳未勝利,,1800,芝,良,晴,フウセン,武豊,牡3,57.0,14,5,19.6,4,1:46.7,34.7,1.0,450,-12,890000,,杉山晴紀,Afleet Alex,中央,条件・未勝利
2026-02-28,阪神,5,3歳未勝利,3歳未勝利,,1800,芝,良,晴,オーロラボレアリス,幸英明,牝3,55.0,14,7,28.4,8,1:47.3,35.0,1.6,468,0,0,,吉岡辰弥,To Honor and Serve,中央,条件・未勝利
2026-03-01,中山,5,3歳未勝利,3歳未勝利,,1600,芝,良,晴,プリティウーマン,荻野極,牝3,55.0,16,4,8.7,10,1:37.0,35.4,1.4,456,初出走,0,,国枝栄,Kingmambo,中央,条件・未勝利
2026-03-01,小倉,5,3歳未勝利,3歳未勝利,,1200,芝,良,晴,ゴッドアイ,鮫島克駿,牝3,55.0,18,2,4.0,8,1:09.8,36.0,0.4,422,-6,0,,橋口慎介,アドマイヤムーン,中央,条件・未勝利
2026-03-01,阪神,11,チューリップ賞,3歳OP,GII,1600,芝,良,晴,コニーアイランド,川田将雅,牝3,55.0,15,4,8.8,13,1:35.1,33.5,0.8,478,-2,0,,中内田充正,All American,中央,重賞
2026-03-01,阪神,2,3歳未勝利,3歳未勝利,,1400,ダート,良,晴,シティプロスパー,酒井学,牝3,55.0,16,16,424.2,14,1:28.3,40.3,2.2,432,-10,0,,小栗実,City Zip,中央,条件・未勝利
2026-03-01,阪神,5,3歳未勝利,3歳未勝利,,2000,芝,良,晴,カモンレイル,酒井学,セン3,57.0,13,11,203.6,10,2:03.7,35.5,1.7,438,-8,0,,中竹和也,ウォーエンブレム,中央,条件・未勝利
2026-03-01,阪神,5,3歳未勝利,3歳未勝利,,2000,芝,良,晴,エアリアルグレース,川又賢治,牝3,55.0,13,9,95.9,11,2:03.8,35.9,1.8,460,初出走,0,,吉村圭司,Astrology,中央,条件・未勝利
2026-03-01,阪神,5,3歳未勝利,3歳未勝利,,2000,芝,良,晴,ショウナンアンバー,吉村誠之助,牡3,57.0,13,10,104.8,12,2:03.8,35.4,1.8,448,-44,0,,清水久詞,フジキセキ,中央,条件・未勝利
2026-03-01,阪神,6,3歳1勝クラス,3歳1勝,,2000,芝,良,晴,コンジェスタス,西村淳也,牡3,57.0,8,1,2.0,1,2:00.1,35.4,-0.6,524,-6,8200000,,高野友和,Alamosa,中央,条件・未勝利
2026-03-01,阪神,6,3歳1勝クラス,3歳1勝,,2000,芝,良,晴,ネッタイヤライ,坂井瑠星,牡3,57.0,8,2,2.2,3,2:01.1,36.5,1.0,442,4,2100000,,矢作芳人,キンシャサノキセキ,中央,条件・未勝利
2026-03-07,中山,3,3歳未勝利,3歳未勝利,,1200,ダート,重,晴,エコロセレナ,岩田康誠,牝3,55.0,16,5,12.8,5,1:12.0,37.5,1.0,460,-6,590000,,斎藤誠,アドマイヤムーン,中央,条件・未勝利
2026-03-07,中山,6,3歳未勝利,3歳未勝利牝,,2000,芝,稍重,晴,ヴェニゼロス,舟山瑠泉,牝3,52.0,18,9,70.6,4,2:03.8,35.2,0.7,424,初出走,890000,,林徹,Skipshot,中央,条件・未勝利
2026-03-07,阪神,4,3歳未勝利,3歳未勝利,,2400,芝,稍重,晴,カットソロ,坂井瑠星,牡3,57.0,13,2,3.4,1,2:30.2,34.1,-0.1,520,4,5900000,,矢作芳人,キングヘイロー,中央,条件・未勝利
2026-03-07,阪神,4,3歳未勝利,3歳未勝利,,2400,芝,稍重,晴,ダノンミッドナイト,川田将雅,牡3,57.0,13,1,2.0,4,2:30.9,34.4,0.7,484,-8,890000,,中内田充正,キンシャサノキセキ,中央,条件・未勝利
2026-03-07,阪神,4,3歳未勝利,3歳未勝利,,2400,芝,稍重,晴,ラピス,北村友一,牝3,55.0,13,6,14.5,6,2:31.3,35.0,1.1,436,-2,0,,安田翔伍,Frankel,中央,条件・未勝利
2026-03-07,阪神,4,3歳未勝利,3歳未勝利,,2400,芝,稍重,晴,アスクウルトラモア,古川奈穂,牡3,55.0,13,11,391.5,12,2:33.5,36.6,3.3,492,-8,0,,矢作芳人,Kendargent,中央,条件・未勝利
2026-03-07,阪神,5,3歳未勝利,3歳未勝利,,1600,芝,良,晴,シャロン,吉村誠之助,牝3,55.0,18,11,79.1,16,1:36.9,35.5,2.6,432,初出走,0,,杉山晴紀,American Pharoah,中央,条件・未勝利
2026-03-08,中山,3,3歳未勝利,3歳未勝利,,1800,ダート,稍重,晴,ゲンパチミスティ,石川裕紀人,牝3,55.0,14,12,111.9,9,1:59.6,41.6,3.4,454,-12,0,,伊藤圭三,Into Mischief,中央,条件・未勝利
2026-03-08,中山,5,3歳未勝利,3歳未勝利,,1800,芝,良,晴,ハニージョー,C.ルメール,牡3,57.0,16,1,2.0,9,1:49.5,38.6,2.5,508,0,0,,矢島大樹,Mizzen Mast,中央,条件・未勝利
2026-03-08,中山,7,3歳1勝クラス,3歳1勝,,1600,芝,良,晴,ランズダウンロード,C.ルメール,牡3,57.0,11,2,3.7,3,1:34.0,35.1,0.5,474,0,2100000,,木村哲也,Medicean,中央,条件・未勝利
2026-03-08,阪神,5,3歳1勝クラス,3歳1勝,,1800,ダート,良,晴,グラシアムヘール,西村淳也,牝3,55.0,16,4,10.2,3,1:54.9,38.8,0.5,488,-4,2100000,,藤原英昭,Quality Road,中央,条件・未勝利
2026-03-08,阪神,9,アルメリア賞,3歳1勝,,1800,芝,良,晴,ダノンセフィーロ,岩田望来,牡3,57.0,6,3,4.0,2,1:45.8,34.3,0.6,490,-4,4600000,,福永祐一,Galileo,中央,条件・未勝利
2026-03-10,姫路,12,3歳B,3歳B,,1400,ダート,良,晴,アスピラシオン,山本咲希到,牡3,56.0,12,1,2.7,3,1:35.4,40.1,0.2,500,7,250000,,森澤友貴,Van Nistelrooy,地方,条件・未勝利
2026-03-14,中京,2,3歳未勝利,3歳未勝利,,1200,ダート,良,晴,メメボス,吉田隼人,牝3,55.0,16,8,27.7,7,1:14.2,37.9,1.0,458,2,0,,飯田祐史,ノヴェリスト,中央,条件・未勝利
2026-03-14,中京,4,3歳未勝利,3歳未勝利若手騎手,,1600,芝,良,晴,エアヴァイブス,高杉吏麒,牝3,55.0,16,1,3.0,4,1:34.6,34.6,0.4,426,-2,890000,,福永祐一,ハービンジャー,中央,条件・未勝利
2026-03-14,中京,5,3歳未勝利,3歳未勝利,,2000,芝,良,晴,マジョレルブルー,田山旺佑,牡3,54.0,18,1,3.5,4,2:01.1,35.2,0.7,482,18,890000,,友道康夫,シンボリクリスエス,中央,条件・未勝利
2026-03-14,中京,5,3歳未勝利,3歳未勝利,,2000,芝,良,晴,ココロヅヨサ,浜中俊,牡3,57.0,18,10,26.7,14,2:01.8,36.2,1.4,464,0,0,,田中克典,Bodemeister,中央,条件・未勝利
2026-03-14,中山,5,3歳未勝利,3歳未勝利,,1600,芝,良,晴,ユマハム,三浦皇成,牡3,57.0,16,4,12.3,6,1:34.6,35.1,0.6,462,12,0,,田中博康,Rainbow Quest,中央,条件・未勝利
2026-03-14,中山,6,3歳1勝クラス,3歳1勝,,1800,ダート,良,晴,チェリヴェント,戸崎圭太,牡3,57.0,16,5,10.9,15,1:56.3,42.1,2.9,502,-4,0,,清水久詞,Successful Appeal,中央,条件・未勝利
2026-03-14,阪神,3,3歳未勝利,3歳未勝利,,1800,ダート,良,晴,カモンレイル,酒井学,セン3,57.0,13,10,111.3,8,1:56.6,39.8,2.4,436,-2,0,,中竹和也,ウォーエンブレム,中央,条件・未勝利
2026-03-14,阪神,4,3歳未勝利,3歳未勝利,,1400,芝,良,晴,ゴッドレイ,吉村誠之助,牝3,55.0,18,12,61.1,6,1:21.6,34.7,0.6,398,-2,0,,杉山晴紀,ダイワメジャー,中央,条件・未勝利
2026-03-14,阪神,4,3歳未勝利,3歳未勝利,,1400,芝,良,晴,メイワメジェール,北村友一,牝3,55.0,18,11,54.0,14,1:22.3,35.3,1.3,468,-2,0,,茶木太樹,Oflee Wild,中央,条件・未勝利
2026-03-14,阪神,5,3歳未勝利,3歳未勝利,,1800,芝,良,晴,ロードスタニング,川田将雅,牡3,57.0,17,1,2.2,2,1:46.1,34.9,0.3,508,0,2400000,,杉山晴紀,キングカメハメハ,中央,条件・未勝利
2026-03-14,阪神,5,3歳未勝利,3歳未勝利,,1800,芝,良,晴,ラパンドール,松山弘平,牡3,57.0,17,2,4.0,5,1:46.4,35.2,0.6,448,4,590000,,藤原英昭,Tapit,中央,条件・未勝利
2026-03-14,阪神,5,3歳未勝利,3歳未勝利,,1800,芝,良,晴,エースフライト,吉村誠之助,牡3,57.0,17,,,取消,,,,,,0,,池江泰寿,Bellamy Road,中央,条件・未勝利
2026-03-15,中京,4,3歳未勝利,3歳未勝利,,1400,芝,良,晴,アリアス,三浦皇成,牝3,55.0,18,9,29.4,4,1:21.4,35.1,0.3,424,-4,890000,,高柳瑞樹,シンボリクリスエス,中央,条件・未勝利
2026-03-15,中山,11,スプリングS,3歳OP,GII,1800,芝,良,晴,ジーネキング,横山和生,牡3,57.0,16,12,73.5,12,1:46.9,35.9,0.9,496,4,0,,斎藤誠,Into Mischief,中央,重賞
2026-03-15,中山,11,スプリングS,3歳OP,GII,1800,芝,良,晴,テルヒコウ,坂井瑠星,牡3,57.0,16,9,24.4,14,1:48.1,37.0,2.1,482,-4,0,,矢作芳人,ヴィクトワールピサ,中央,重賞
2026-03-15,阪神,5,3歳未勝利,3歳未勝利牝,,2000,芝,良,曇,ベルドゥニュイ,小沢大仁,牝3,55.0,16,14,446.6,13,2:03.2,37.0,2.0,434,-14,0,,矢作芳人,キンシャサノキセキ,中央,条件・未勝利
2026-03-15,阪神,5,3歳未勝利,3歳未勝利牝,,2000,芝,良,曇,フィオーレクラウド,田山旺佑,牝3,52.0,16,16,244.6,16,2:03.3,36.8,2.1,446,-2,0,,長谷川浩大,シンボリクリスエス,中央,条件・未勝利
2026-03-15,阪神,9,ゆきやなぎ賞,3歳1勝,,2400,芝,良,曇,ヴァロンブローサ,幸英明,牡3,57.0,7,5,9.5,3,2:26.8,36.2,0.3,450,-10,2900000,,池添学,Galileo,中央,条件・未勝利
2026-03-21,中京,4,3歳未勝利,3歳未勝利牝,,2000,芝,良,晴,スウィーティーベル,団野大成,牝3,55.0,18,9,30.4,9,2:00.9,35.2,0.8,406,0,0,,田中克典,Star Dabbler,中央,条件・未勝利
2026-03-21,中京,4,3歳未勝利,3歳未勝利牝,,2000,芝,良,晴,マーゴットガイア,小崎綾也,牝3,55.0,18,5,12.6,10,2:00.9,36.1,0.8,476,-8,0,,石坂公一,Camelot,中央,条件・未勝利
2026-03-21,中京,5,3歳未勝利,3歳未勝利,,2000,芝,良,晴,クルサール,富田暁,牝3,55.0,18,5,36.1,11,2:03.7,35.4,2.3,430,初出走,0,,武英智,Medaglia d'Oro,中央,条件・未勝利
2026-03-21,中京,5,3歳未勝利,3歳未勝利,,2000,芝,良,晴,エアリアルグレース,川又賢治,牝3,55.0,18,16,272.1,14,2:04.1,36.5,2.7,460,0,0,,吉村圭司,Astrology,中央,条件・未勝利
2026-03-21,中京,5,3歳未勝利,3歳未勝利,,2000,芝,良,晴,シャロン,団野大成,牝3,55.0,18,15,202.4,17,2:04.8,37.0,3.4,432,0,0,,杉山晴紀,American Pharoah,中央,条件・未勝利
2026-03-21,中京,6,3歳未勝利,3歳未勝利,,1400,芝,良,晴,ルージュバロン,横山武史,牝3,55.0,18,6,14.6,5,1:21.5,34.1,0.4,468,2,590000,,福永祐一,Union Rags,中央,条件・未勝利
2026-03-21,中山,11,フラワーC,3歳OP,GIII,1800,芝,良,晴,バースデイフライト,岩田康誠,牝3,55.0,16,13,101.8,9,1:48.6,33.8,0.3,452,-4,0,,新谷功一,War Front,中央,重賞
2026-03-21,中山,5,3歳未勝利,3歳未勝利,,2200,芝,良,晴,エーデルゼーレ,岩田望来,牡3,57.0,13,2,2.5,1,2:13.6,35.4,-0.3,470,8,5900000,,堀宣行,Curlin,中央,条件・未勝利
2026-03-21,阪神,1,3歳未勝利,3歳未勝利牝,,1800,ダート,稍重,晴,ノートルダム,田口貫太,牝3,55.0,10,8,62.4,10,1:57.6,39.8,2.8,440,-2,0,,矢作芳人,Sea The Stars,中央,条件・未勝利
2026-03-21,阪神,3,3歳未勝利,3歳未勝利,,2000,ダート,稍重,晴,ドンテスタマスター,坂井瑠星,牡3,57.0,10,1,2.1,3,2:08.2,37.5,0.9,524,-2,1500000,,杉山晴紀,Intikhab,中央,条件・未勝利
2026-03-21,阪神,4,3歳未勝利,3歳未勝利,,1400,ダート,稍重,晴,ポッドリプル,松山弘平,牡3,57.0,15,1,1.9,1,1:24.8,36.3,-0.2,466,-4,5900000,,辻野泰之,Charm Spirit,中央,条件・未勝利
2026-03-21,阪神,5,3歳未勝利,3歳未勝利,,1600,芝,良,晴,ヒメヒオウギ,菱田裕二,牝3,55.0,18,13,198.9,13,1:35.5,33.9,0.9,396,-6,0,,中竹和也,ステイゴールド,中央,条件・未勝利
2026-03-22,中京,5,3歳未勝利,3歳未勝利,,1600,芝,良,晴,ビッグヒーロー,団野大成,牡3,57.0,16,1,1.6,2,1:34.0,34.6,0.1,488,-6,2400000,,福永祐一,Tale of Ekati,中央,条件・未勝利
2026-03-22,中京,9,フローラルウォーク賞,3歳1勝,,1600,芝,良,曇,ネッタイヤライ,富田暁,牡3,57.0,10,5,11.1,4,1:34.2,34.2,0.5,436,-6,1700000,,矢作芳人,キンシャサノキセキ,中央,条件・未勝利
2026-03-22,阪神,4,3歳未勝利,3歳未勝利,,2400,芝,良,晴,ショウナンアンバー,鮫島克駿,牡3,57.0,17,,,中止,,,,448,0,0,,清水久詞,キンシャサノキセキ,中央,条件・未勝利
2026-03-28,中京,5,3歳未勝利,3歳未勝利,,2200,芝,良,晴,マジョレルブルー,田山旺佑,牡3,54.0,15,2,3.6,2,2:13.2,35.3,0.0,478,-4,2400000,,友道康夫,シンボリクリスエス,中央,条件・未勝利
2026-03-28,阪神,5,3歳未勝利,3歳未勝利,,1600,芝,良,晴,ウイングサンライズ,松山弘平,牝3,55.0,18,6,13.1,8,1:35.1,35.5,1.1,406,4,0,,矢作芳人,Harland's Holiday,中央,条件・未勝利
2026-03-28,阪神,5,3歳未勝利,3歳未勝利,,1600,芝,良,晴,ゼランテ,武豊,牡3,57.0,18,10,29.4,9,1:35.1,34.6,1.1,486,初出走,0,,松永幹夫,Uncle Mo,中央,条件・未勝利
2026-03-29,中京,3,3歳未勝利,3歳未勝利,,1200,ダート,良,晴,レヴァンターセ,小林美駒,牡3,54.0,15,10,91.0,9,1:14.8,37.6,1.8,464,-2,0,,田中克典,ヴィクトワールピサ,中央,条件・未勝利
2026-03-29,中京,5,3歳未勝利,3歳未勝利,,2000,芝,良,晴,トゥレネヴェリテ,森田誠也,牡3,54.0,16,11,124.1,12,2:03.6,34.4,1.2,454,-4,0,,中竹和也,Cozzene,中央,条件・未勝利
2026-03-29,中京,8,大寒桜賞,3歳1勝,,2200,芝,良,晴,テルヒコウ,西村淳也,牡3,57.0,7,4,6.8,1,2:14.1,34.6,-0.1,482,0,11554000,,矢作芳人,ヴィクトワールピサ,中央,条件・未勝利
2026-03-29,中山,4,3歳未勝利,3歳未勝利,,1800,芝,良,晴,ヤマメホープ,原優介,牡3,57.0,16,5,10.2,3,1:48.7,35.2,0.8,478,-6,1500000,,久保田貴士,Hard Spun,中央,条件・未勝利
2026-03-29,中山,9,ミモザ賞,3歳1勝牝,,2000,芝,良,晴,ランザワールド,丹内祐次,牝3,55.0,7,2,2.7,3,2:01.0,35.0,0.4,496,0,2928000,,宮田敬介,Custom for Carlos,中央,条件・未勝利
2026-03-29,阪神,1,3歳未勝利,3歳未勝利牝,,1800,ダート,良,晴,アグレイビューティ,岩田望来,牝3,55.0,14,2,3.0,3,1:55.8,38.7,0.1,468,2,1500000,,上村洋行,Mastercraftsman,中央,条件・未勝利
2026-04-04,中山,1,3歳未勝利,3歳未勝利牝,,1200,ダート,稍重,雨,エコロセレナ,岩田康誠,牝3,55.0,16,2,6.5,3,1:12.9,37.0,0.8,460,0,1500000,,斎藤誠,アドマイヤムーン,中央,条件・未勝利
2026-04-04,中山,5,3歳未勝利,3歳未勝利,,1600,芝,良,曇,アリアス,三浦皇成,牝3,55.0,16,7,17.8,4,1:35.2,34.8,0.2,426,2,890000,,高柳瑞樹,シンボリクリスエス,中央,条件・未勝利
2026-04-04,阪神,3,3歳未勝利,3歳未勝利,,1800,ダート,稍重,小雨,ドンテスタマスター,坂井瑠星,牡3,57.0,14,2,3.3,5,1:55.7,39.0,1.3,520,-4,590000,,杉山晴紀,Intikhab,中央,条件・未勝利
2026-04-04,阪神,9,アザレア賞,3歳1勝,,2400,芝,稍重,曇,カットソロ,坂井瑠星,牡3,57.0,9,5,15.6,3,2:27.6,34.2,0.6,514,-6,2900000,,矢作芳人,キングヘイロー,中央,条件・未勝利
2026-04-04,阪神,9,アザレア賞,3歳1勝,,2400,芝,稍重,曇,ヴァロンブローサ,幸英明,牡3,57.0,9,7,32.3,9,2:29.4,36.2,2.4,442,-8,0,,池添学,Galileo,中央,条件・未勝利
2026-04-05,阪神,1,3歳未勝利,3歳未勝利牝,,1400,ダート,重,晴,ジーティーアリア,北村友一,牝3,55.0,15,8,17.1,1,1:24.1,37.0,-0.1,450,-6,5900000,,田中克典,Siyouni,中央,条件・未勝利
2026-04-05,阪神,4,3歳未勝利,3歳未勝利,,2400,芝,稍重,晴,スウィーティーベル,団野大成,牝3,55.0,15,10,90.4,5,2:27.8,36.1,1.4,398,-8,590000,,田中克典,Star Dabbler,中央,条件・未勝利
2026-04-05,阪神,4,3歳未勝利,3歳未勝利,,2400,芝,稍重,晴,ショウナンアンバー,吉村誠之助,牡3,57.0,15,13,197.9,12,2:30.5,38.5,4.1,442,-6,0,,清水久詞,フジキセキ,中央,条件・未勝利
2026-04-05,阪神,5,3歳1勝クラス,3歳1勝,,1800,ダート,重,晴,チェリヴェント,吉村誠之助,牡3,57.0,13,7,33.8,2,1:50.2,36.1,0.0,502,0,3300000,,清水久詞,Successful Appeal,中央,条件・未勝利
2026-04-05,阪神,5,3歳1勝クラス,3歳1勝,,1800,ダート,重,晴,スカイストライプス,C.ルメール,牡3,57.0,13,2,3.6,3,1:50.6,35.7,0.4,494,-4,2100000,,安田翔伍,Equal Stripes,中央,条件・未勝利
2026-04-08,園田,10,神鍋山特別,3歳交流,,1870,ダート,良,晴,マリノエステーラ,柴田裕一郎,牝3,53.0,8,3,8.0,2,2:07.0,39.4,1.4,422,-14,600000,,中竹和也,First Samurai,地方,条件・未勝利
2026-04-08,園田,10,神鍋山特別,3歳交流,,1870,ダート,良,晴,ボンボンベイビー,吉村智洋,牡3,57.0,8,1,1.6,3,2:07.2,39.9,1.6,453,-1,375000,,矢作芳人,Galileo,地方,条件・未勝利
2026-04-11,中山,11,ニュージーランドT,3歳OP,GII,1600,芝,良,晴,ジーネキング,横山和生,牡3,57.0,15,4,11.8,3,1:33.5,34.0,0.3,494,-2,14154000,106,斎藤誠,Into Mischief,中央,重賞
2026-04-11,中山,5,3歳未勝利,3歳未勝利,,1600,芝,良,晴,ジュラトリー,田辺裕信,牡3,55.0,16,6,13.9,5,1:35.2,35.0,0.6,456,-6,590000,,池上昌和,Lope de Vega,中央,条件・未勝利
2026-04-11,福島,3,3歳未勝利,3歳未勝利牝,,1800,芝,良,晴,ヴィーラー,黛弘人,牝3,55.0,16,10,30.2,10,1:48.3,36.3,0.7,424,初出走,0,,矢作芳人,Easing Along,中央,条件・未勝利
2026-04-11,福島,5,3歳未勝利,3歳未勝利,,2000,芝,良,晴,オートカリテ,富田暁,牝3,55.0,16,9,43.7,4,2:00.4,35.7,0.4,510,0,890000,,牧光二,Quality Road,中央,条件・未勝利
2026-04-11,福島,5,3歳未勝利,3歳未勝利,,2000,芝,良,晴,ルシアージュ,丸山元気,牝3,55.0,16,7,28.8,6,2:00.8,35.8,0.8,434,-2,0,,高柳瑞樹,エイシンフラッシュ,中央,条件・未勝利
2026-04-11,福島,6,3歳未勝利,3歳未勝利,,2600,芝,良,晴,アルタティール,長浜鴻緒,牡3,55.0,15,14,110.8,5,2:41.2,36.0,0.9,422,-6,590000,,手塚貴久,Poet's Voice,中央,条件・未勝利
2026-04-11,阪神,2,3歳未勝利,3歳未勝利,,1400,ダート,重,晴,レッドピアレス,西村淳也,牡3,57.0,16,6,20.4,12,1:26.0,39.5,2.8,474,初出走,0,,中内田充正,Mr. Greeley,中央,条件・未勝利
2026-04-11,阪神,3,3歳未勝利,3歳未勝利,,1800,ダート,重,晴,サンライズレマ,吉村誠之助,牡3,57.0,13,7,76.0,10,1:55.8,41.7,4.0,486,-4,0,,石坂公一,ジャスタウェイ,中央,条件・未勝利
2026-04-11,阪神,4,3歳未勝利,3歳未勝利,,2000,芝,稍重,晴,コスモフィレンツェ,幸英明,牡3,57.0,16,2,2.9,4,2:01.7,36.1,0.5,494,6,890000,,北出成人,Nathaniel,中央,条件・未勝利
2026-04-12,阪神,5,3歳1勝クラス,3歳1勝,,1400,ダート,稍重,晴,ポッドリプル,荻野極,牡3,57.0,16,4,6.0,2,1:24.0,36.3,0.2,464,-2,3300000,,辻野泰之,Charm Spirit,中央,条件・未勝利
2026-04-12,阪神,9,忘れな草賞,3歳OP牝,L,2000,芝,良,晴,バースデイフライト,田口貫太,牝3,55.0,14,10,39.1,6,2:00.2,36.4,1.1,448,-4,0,92,新谷功一,War Front,中央,リステッド
2026-04-12,阪神,9,忘れな草賞,3歳OP牝,L,2000,芝,良,晴,ウィズクィーン,武豊,牝3,55.0,14,12,65.5,8,2:00.4,36.1,1.3,430,-2,0,91,上村洋行,ロードカナロア,中央,リステッド
2026-04-17,金沢,2,3歳B4,3歳B4,,1400,ダート,良,曇,フィオーレクラウド,吉原寛人,牝3,55.0,9,2,3.4,3,1:35.4,39.8,0.4,466,20,77000,,加藤和義,シンボリクリスエス,地方,条件・未勝利
2026-04-18,中山,1,3歳未勝利,3歳未勝利牝,,1200,ダート,良,曇,エコロセレナ,岩田康誠,牝3,55.0,15,4,11.0,2,1:12.2,37.5,0.1,468,8,2400000,,斎藤誠,アドマイヤムーン,中央,条件・未勝利
2026-04-18,中山,6,3歳1勝クラス,3歳1勝牝,,1800,芝,良,晴,ルージュボヤージュ,戸崎圭太,牝3,55.0,6,2,2.4,1,1:49.4,33.1,0.0,472,-10,8200000,,木村哲也,Orpen,中央,条件・未勝利
2026-04-18,福島,2,3歳未勝利,3歳未勝利牝,,2000,芝,良,晴,ボーントゥラブユー,舟山瑠泉,牝3,53.0,16,7,17.1,7,2:00.5,36.2,0.8,472,-8,0,,小笠倫弘,Street Cry,中央,条件・未勝利
2026-04-18,阪神,1,3歳未勝利,3歳未勝利牝,,1800,ダート,良,晴,アグレイビューティ,岩田望来,牝3,55.0,15,2,3.8,1,1:54.7,37.4,-0.1,466,-2,5900000,,上村洋行,Mastercraftsman,中央,条件・未勝利
2026-04-18,阪神,1,3歳未勝利,3歳未勝利牝,,1800,ダート,良,晴,アオイハルカ,池添謙一,牝3,55.0,15,5,10.1,12,1:56.9,38.6,2.2,426,-4,0,,大久保龍志,キングカメハメハ,中央,条件・未勝利
2026-04-18,阪神,4,3歳未勝利,3歳未勝利,,1800,芝,良,晴,ウイルソン,松山弘平,牡3,57.0,18,2,4.4,3,1:46.0,34.2,0.2,474,-10,1500000,,杉山晴紀,キングカメハメハ,中央,条件・未勝利
2026-04-18,阪神,6,3歳1勝クラス,3歳1勝牝,,1800,ダート,良,晴,グラシアムヘール,西村淳也,牝3,55.0,15,6,10.6,7,1:53.7,39.1,1.5,480,-8,0,,藤原英昭,Quality Road,中央,条件・未勝利
2026-04-19,中山,1,3歳未勝利,3歳未勝利牝,,1800,ダート,良,晴,マーゴットガイア,西村淳也,牝3,55.0,12,2,4.2,3,1:55.0,38.2,0.1,482,6,1500000,,石坂公一,Camelot,中央,条件・未勝利
2026-04-19,阪神,2,3歳未勝利,3歳未勝利牝,,2000,芝,良,晴,ヒメヒオウギ,森田誠也,牝3,52.0,16,11,104.0,5,2:01.7,34.9,0.6,394,-2,590000,,中竹和也,ステイゴールド,中央,条件・未勝利
2026-04-25,京都,2,3歳未勝利,3歳未勝利,,1400,ダート,稍重,晴,シティプロスパー,酒井学,牝3,55.0,16,13,309.3,11,1:27.2,39.4,2.5,434,2,0,,小栗実,City Zip,中央,条件・未勝利
2026-04-25,京都,3,3歳未勝利,3歳未勝利牝,,1800,芝,良,晴,ヴィーラー,菱田裕二,牝3,55.0,15,8,23.6,12,1:46.8,35.8,1.2,426,2,0,,矢作芳人,Easing Along,中央,条件・未勝利
2026-04-25,京都,5,3歳未勝利,3歳未勝利,,2200,芝,良,晴,フウセン,鮫島克駿,牡3,57.0,12,1,2.9,1,2:12.5,34.7,-0.2,456,6,5900000,,杉山晴紀,Afleet Alex,中央,条件・未勝利
2026-04-25,京都,5,3歳未勝利,3歳未勝利,,2200,芝,良,晴,コスモフィレンツェ,幸英明,牡3,57.0,12,2,3.3,2,2:12.7,34.9,0.2,490,-4,2400000,,北出成人,Nathaniel,中央,条件・未勝利
2026-04-25,京都,5,3歳未勝利,3歳未勝利,,2200,芝,良,晴,スウィーティーベル,団野大成,牝3,55.0,12,6,18.4,4,2:13.1,35.1,0.6,400,2,590000,,田中克典,Star Dabbler,中央,条件・未勝利
2026-04-25,京都,6,3歳未勝利,3歳未勝利,,1600,芝,良,晴,サンライズレマ,鮫島克駿,牡3,57.0,16,9,43.1,11,1:33.7,35.5,1.4,482,-4,0,,石坂公一,ジャスタウェイ,中央,条件・未勝利
2026-04-25,東京,11,青葉賞,3歳OP,GII,2400,芝,良,晴,ゴーイントゥスカイ,武豊,牡3,57.0,18,4,8.1,1,2:23.0,33.4,-0.1,504,-8,55302000,113,上原佑紀,Tapit,中央,重賞
2026-04-25,東京,11,青葉賞,3歳OP,GII,2400,芝,良,晴,サガルマータ,横山武史,牡3,57.0,18,7,26.0,6,2:24.1,34.1,1.1,452,-8,0,100,福永祐一,City Banker,中央,重賞
2026-04-25,東京,11,青葉賞,3歳OP,GII,2400,芝,良,晴,カットソロ,津村明秀,牡3,57.0,18,11,49.4,9,2:24.6,34.8,1.6,506,-8,0,96,矢作芳人,キングヘイロー,中央,重賞
2026-04-25,東京,11,青葉賞,3歳OP,GII,2400,芝,良,晴,テルヒコウ,坂井瑠星,牡3,57.0,18,6,20.8,14,2:25.9,37.1,2.9,460,-8,0,85,矢作芳人,ヴィクトワールピサ,中央,重賞
2026-04-25,東京,5,3歳未勝利,3歳未勝利,,1400,芝,良,晴,アリアス,三浦皇成,牝3,55.0,18,8,20.9,5,1:22.0,34.2,0.7,424,-2,590000,,高柳瑞樹,シンボリクリスエス,中央,条件・未勝利
2026-04-25,東京,5,3歳未勝利,3歳未勝利,,1400,芝,良,晴,スターリットフレア,杉原誠人,牝3,55.0,18,7,19.7,18,1:23.2,34.5,1.9,480,初出走,0,,田中博康,Frankel,中央,条件・未勝利
2026-04-26,京都,2,3歳未勝利,3歳未勝利,,1800,ダート,良,晴,ゼランテ,武豊,牡3,57.0,15,4,14.2,4,1:55.3,38.8,0.8,488,2,890000,,松永幹夫,Uncle Mo,中央,条件・未勝利
2026-04-26,東京,4,3歳未勝利,3歳未勝利,,2400,芝,良,晴,ボンボンベイビー,M.ディー,牡3,57.0,10,8,34.6,8,2:27.8,35.5,2.1,448,-5,0,,矢作芳人,Galileo,中央,条件・未勝利
2026-04-26,福島,5,3歳未勝利,3歳未勝利,,1800,芝,良,晴,ヤマメホープ,吉田隼人,牡3,57.0,15,1,3.8,6,1:47.3,34.7,0.5,474,-4,0,,久保田貴士,Hard Spun,中央,条件・未勝利
2026-04-29,金沢,2,3歳B4,3歳B4,,1400,ダート,良,曇,フィオーレクラウド,加藤翔馬,牝3,55.0,8,1,1.1,1,1:37.5,40.2,-0.2,461,-5,430000,,加藤和義,シンボリクリスエス,地方,条件・未勝利
2026-05-02,京都,3,3歳未勝利,3歳未勝利牝,,1600,芝,稍重,晴,オーロラボレアリス,幸英明,牝3,55.0,18,6,11.7,11,1:34.6,33.9,0.6,468,0,0,,吉岡辰弥,To Honor and Serve,中央,条件・未勝利
2026-05-02,京都,3,3歳未勝利,3歳未勝利牝,,1600,芝,稍重,晴,ヴィーラー,角田大和,牝3,55.0,18,13,187.6,13,1:35.1,35.0,1.1,422,-4,0,,矢作芳人,Easing Along,中央,条件・未勝利
2026-05-02,京都,4,3歳未勝利,3歳未勝利,,1400,芝,稍重,晴,ゴッドアイ,松山弘平,牝3,55.0,18,3,4.6,4,1:20.7,34.3,0.3,426,4,890000,,杉山晴紀,アドマイヤムーン,中央,条件・未勝利
2026-05-02,京都,5,3歳未勝利,3歳未勝利,,2000,芝,良,晴,ロードスタニング,川田将雅,牡3,57.0,13,1,1.2,1,2:01.4,34.0,0.1,510,2,5900000,,杉山晴紀,キングカメハメハ,中央,条件・未勝利
2026-05-02,京都,7,3歳1勝クラス,3歳1勝,,1400,芝,良,晴,スウィッチインラヴ,北村友一,牝3,55.0,12,8,16.9,2,1:20.0,33.4,0.1,462,16,3300000,,矢作芳人,Galileo,中央,条件・未勝利
2026-05-02,新潟,6,3歳未勝利,3歳未勝利,,2200,芝,稍重,晴,アルタティール,上里直汰,牡3,54.0,14,12,72.8,11,2:18.9,37.1,1.9,422,0,0,,手塚貴久,Poet's Voice,中央,条件・未勝利
2026-05-02,東京,4,3歳未勝利,3歳未勝利,,2000,芝,良,晴,シーラス,D.レーン,牡3,57.0,10,2,3.9,10,2:03.9,37.5,3.6,450,初出走,0,,堀宣行,Violence,中央,条件・未勝利
2026-05-02,東京,5,3歳1勝クラス,3歳1勝,,1400,芝,良,晴,シャルトル,三浦皇成,牡3,57.0,18,9,28.6,5,1:21.8,33.3,0.4,452,-2,820000,,栗田徹,Uncle Mo,中央,条件・未勝利
2026-05-03,京都,4,3歳未勝利,3歳未勝利,,2400,芝,良,曇,マジョレルブルー,D.レーン,牡3,57.0,11,1,2.2,1,2:25.4,34.0,-0.2,478,0,5900000,,友道康夫,シンボリクリスエス,中央,条件・未勝利
2026-05-03,京都,4,3歳未勝利,3歳未勝利,,2400,芝,良,曇,ダノンミッドナイト,川田将雅,牡3,57.0,11,3,5.0,3,2:26.1,34.4,0.7,486,2,1500000,,中内田充正,キンシャサノキセキ,中央,条件・未勝利
2026-05-03,新潟,1,3歳未勝利,3歳未勝利牝,,2000,芝,稍重,晴,オートカリテ,富田暁,牝3,55.0,16,1,3.0,2,2:02.5,36.3,0.1,516,6,2400000,,牧光二,Quality Road,中央,条件・未勝利
2026-05-03,新潟,1,3歳未勝利,3歳未勝利牝,,2000,芝,稍重,晴,フロンテアムーン,上里直汰,牝3,52.0,16,6,14.4,7,2:02.7,36.2,0.3,408,8,0,,奥村武,メイショウサムソン,中央,条件・未勝利
2026-05-03,新潟,5,3歳未勝利,3歳未勝利,,1800,芝,良,晴,アスクブームキセキ,和田陽希,牡3,54.0,14,5,9.0,11,1:50.8,34.1,0.6,460,2,0,,藤原英昭,フジキセキ,中央,条件・未勝利
2026-05-03,東京,11,プリンシパルS,3歳OP,L,2000,芝,良,晴,エーデルゼーレ,佐々木大輔,牡3,57.0,15,2,6.0,3,1:58.8,33.8,0.3,460,-10,5346000,104,堀宣行,Curlin,中央,リステッド
2026-05-03,東京,11,プリンシパルS,3歳OP,L,2000,芝,良,晴,レッドラージャ,西塚洸二,牡3,57.0,15,13,54.8,5,1:59.1,33.8,0.6,514,8,2100000,100,友道康夫,Giant's Causeway,中央,リステッド
2026-05-03,東京,5,3歳未勝利,3歳未勝利,,1800,芝,良,曇,ユマハム,三浦皇成,牡3,57.0,15,4,7.0,3,1:48.0,34.8,0.5,464,2,1500000,,田中博康,Rainbow Quest,中央,条件・未勝利
2026-05-09,京都,11,京都新聞杯,3歳OP,GII,2200,芝,良,晴,コンジェスタス,西村淳也,牡3,57.0,16,6,13.7,1,2:09.9,35.3,0.0,518,-6,55134000,113,高野友和,Alamosa,中央,重賞
2026-05-09,京都,11,京都新聞杯,3歳OP,GII,2200,芝,良,晴,バドリナート,坂井瑠星,牡3,57.0,16,7,15.2,11,2:10.9,36.5,1.0,492,0,0,103,松永幹夫,Galileo,中央,重賞
2026-05-09,京都,2,3歳未勝利,3歳未勝利,,1800,ダート,良,晴,ココロヅヨサ,浜中俊,牡3,57.0,15,4,5.7,1,1:54.2,37.5,-0.9,454,-10,5900000,,田中克典,Bodemeister,中央,条件・未勝利
2026-05-09,京都,4,3歳未勝利,3歳未勝利牝,,2000,芝,良,晴,ヒメヒオウギ,幸英明,牝3,55.0,15,9,63.9,6,2:00.7,34.7,0.4,390,-4,0,,中竹和也,ステイゴールド,中央,条件・未勝利
2026-05-09,京都,4,3歳未勝利,3歳未勝利牝,,2000,芝,良,晴,エアリアルグレース,川又賢治,牝3,55.0,15,13,294.8,13,2:02.4,35.5,2.1,470,10,0,,吉村圭司,Astrology,中央,条件・未勝利
2026-05-09,東京,4,3歳未勝利,3歳未勝利,,2400,芝,良,晴,ボンボンベイビー,M.ディー,牡3,57.0,12,7,67.9,2,2:26.4,34.4,0.3,446,-2,2400000,,矢作芳人,Galileo,中央,条件・未勝利
2026-05-10,京都,4,3歳未勝利,3歳未勝利,,1600,芝,良,晴,ビッグヒーロー,M.デムーロ,牡3,57.0,16,1,1.9,4,1:33.4,34.0,0.3,490,2,890000,,福永祐一,Tale of Ekati,中央,条件・未勝利
2026-05-10,東京,11,NHKマイルC,3歳OP,GI,1600,芝,良,晴,ジーネキング,斎藤新,牡3,57.0,18,13,43.7,13,1:32.4,34.9,0.9,490,-4,0,106,斎藤誠,Into Mischief,中央,重賞
2026-05-10,東京,3,3歳未勝利,3歳未勝利,,1600,芝,良,晴,サンセリテ,D.レーン,牝3,55.0,18,3,5.6,10,1:35.3,34.2,0.7,440,-2,0,,鹿戸雄一,Street Sence,中央,条件・未勝利
2026-05-10,東京,3,3歳未勝利,3歳未勝利,,1600,芝,良,晴,リメンバーザネーム,佐々木大輔,牝3,55.0,18,8,41.1,16,1:35.9,34.0,1.3,494,初出走,0,,菊川正達,Frankel,中央,条件・未勝利
2026-05-10,東京,4,3歳未勝利,3歳未勝利,,2000,芝,良,晴,プリティウーマン,岩田望来,牝3,55.0,14,7,34.9,9,2:04.3,34.8,0.8,430,-26,0,,高橋一哉,Kingmambo,中央,条件・未勝利
2026-05-10,東京,4,3歳未勝利,3歳未勝利,,2000,芝,良,晴,ラルクアンレーヴ,松若風馬,牡3,57.0,14,8,36.8,11,2:04.4,34.1,0.9,478,6,0,,清水久詞,サクラバクシンオー,中央,条件・未勝利
2026-05-16,京都,1,3歳未勝利,3歳未勝利牝,,1400,ダート,良,晴,ルージュバロン,坂井瑠星,牝3,55.0,16,2,4.6,1,1:25.0,37.0,-0.1,456,-12,5900000,,福永祐一,Union Rags,中央,条件・未勝利
2026-05-16,京都,4,3歳未勝利,3歳未勝利,,2400,芝,良,晴,ドンテスタマスター,坂井瑠星,牡3,57.0,10,1,2.6,3,2:25.8,34.6,0.1,516,-4,1500000,,中内田充正,Intikhab,中央,条件・未勝利
2026-05-16,京都,5,3歳未勝利,3歳未勝利,,1800,芝,良,晴,ウイルソン,松山弘平,牡3,57.0,14,1,2.1,3,1:46.0,34.8,0.8,472,-2,1500000,,杉山晴紀,キングカメハメハ,中央,条件・未勝利
2026-05-16,京都,9,あずさ賞,3歳1勝,,2000,芝,良,晴,レッドラージャ,坂井瑠星,牡3,57.0,10,4,6.7,1,1:57.9,34.3,0.0,518,4,11624000,,友道康夫,Giant's Causeway,中央,条件・未勝利
2026-05-16,新潟,1,3歳未勝利,3歳未勝利,,1800,ダート,良,晴,カモンレイル,柴田裕一郎,セン3,55.0,15,11,123.3,11,1:58.4,41.7,4.1,428,-8,0,,中竹和也,ウォーエンブレム,中央,条件・未勝利
2026-05-16,新潟,3,3歳未勝利,3歳未勝利,,1600,芝,良,晴,リアライズガイザー,C.ルメール,牡3,57.0,16,2,3.8,13,1:36.4,35.9,1.6,522,8,0,,杉山晴紀,City Zip,中央,条件・未勝利
2026-05-16,新潟,4,3歳未勝利,3歳未勝利,,1800,ダート,良,晴,ゼランテ,武豊,牡3,57.0,11,4,8.4,9,1:57.3,39.9,2.7,486,-2,0,,松永幹夫,Uncle Mo,中央,条件・未勝利
2026-05-16,新潟,5,3歳未勝利,3歳未勝利,,1800,芝,良,晴,ヴェニゼロス,C.ルメール,牝3,55.0,16,2,3.8,4,1:49.1,34.7,1.0,422,-2,890000,,林徹,Skipshot,中央,条件・未勝利
2026-05-16,東京,4,3歳未勝利,3歳未勝利牝,,2000,芝,良,晴,ヒシナスキロ,D.レーン,牝3,55.0,13,2,2.9,2,2:00.3,33.4,0.0,440,初出走,2400000,,堀宣行,Tiz Wonderful,中央,条件・未勝利
2026-05-16,東京,4,3歳未勝利,3歳未勝利牝,,2000,芝,良,晴,ボーントゥラブユー,三浦皇成,牝3,55.0,13,6,18.7,5,2:00.5,34.1,0.2,478,6,590000,,小笠倫弘,Street Cry,中央,条件・未勝利
2026-05-16,東京,5,3歳未勝利,3歳未勝利,,1400,芝,良,晴,ハニージョー,D.レーン,牡3,57.0,18,2,3.7,3,1:21.1,34.3,0.8,510,2,1500000,,矢島大樹,Mizzen Mast,中央,条件・未勝利
2026-05-16,東京,6,3歳1勝クラス,3歳1勝,,2400,芝,良,晴,マジョレルブルー,戸崎圭太,牡3,57.0,8,3,3.1,1,2:25.1,34.3,0.0,478,0,8200000,,友道康夫,シンボリクリスエス,中央,条件・未勝利
2026-05-17,京都,4,3歳未勝利,3歳未勝利牝,,1600,芝,良,晴,エアヴァイブス,高杉吏麒,牝3,55.0,17,5,6.4,2,1:33.4,34.6,0.0,430,4,2400000,,福永祐一,ハービンジャー,中央,条件・未勝利
2026-05-17,京都,4,3歳未勝利,3歳未勝利牝,,1600,芝,良,晴,オーロラボレアリス,M.デムーロ,牝3,55.0,17,6,22.0,6,1:33.8,34.5,0.4,474,6,0,,吉岡辰弥,To Honor and Serve,中央,条件・未勝利
2026-05-17,京都,6,3歳1勝クラス,3歳1勝,,1800,ダート,良,晴,チェリヴェント,吉村誠之助,牡3,57.0,16,1,3.5,3,1:52.2,37.4,0.4,504,2,2100000,,清水久詞,Successful Appeal,中央,条件・未勝利
2026-05-17,新潟,3,3歳未勝利,3歳未勝利牝,,1200,ダート,良,晴,エコロセレナ,斎藤新,牝3,55.0,15,1,2.7,3,1:13.0,38.0,0.3,466,-2,1500000,,斎藤誠,アドマイヤムーン,中央,条件・未勝利
2026-05-17,東京,4,3歳未勝利,3歳未勝利,,1800,芝,良,晴,ルシアージュ,岩田望来,牝3,55.0,17,5,21.0,6,1:47.5,33.9,0.4,436,2,0,,高柳瑞樹,エイシンフラッシュ,中央,条件・未勝利
2026-05-23,京都,1,3歳未勝利,3歳未勝利,,1200,ダート,稍重,曇,レヴァンターセ,川端海翼,牡3,54.0,16,15,368.8,10,1:13.0,36.5,1.2,466,2,0,,田中克典,ヴィクトワールピサ,中央,条件・未勝利
2026-05-23,京都,5,3歳未勝利,3歳未勝利,,2200,芝,良,曇,スウィーティーベル,団野大成,牝3,55.0,14,4,7.7,6,2:15.1,36.2,0.8,398,-2,0,,田中克典,Star Dabbler,中央,条件・未勝利
2026-05-23,京都,9,メルボルンT,3歳1勝,,1600,芝,良,曇,スウィッチインラヴ,北村友一,牝3,55.0,11,1,3.5,5,1:33.3,34.7,0.4,460,-2,1140000,,矢作芳人,Galileo,中央,条件・未勝利
2026-05-23,東京,4,3歳未勝利,3歳未勝利,,1600,芝,良,曇,レアリゼソンレーヴ,佐々木大輔,牡3,57.0,18,3,5.7,18,1:35.8,36.7,2.1,472,-10,0,,大竹正博,Dubawi,中央,条件・未勝利
2026-05-23,東京,5,3歳未勝利,3歳未勝利,,2000,芝,良,曇,ヤマメホープ,田辺裕信,牡3,57.0,17,6,9.3,2,2:00.8,33.6,0.2,478,4,2400000,,久保田貴士,Hard Spun,中央,条件・未勝利
2026-05-23,東京,6,3歳1勝クラス,3歳1勝,,1600,ダート,重,曇,スカイストライプス,C.ルメール,牡3,57.0,14,1,2.5,3,1:36.9,35.5,0.5,494,0,2100000,,安田翔伍,Equal Stripes,中央,条件・未勝利
2026-05-24,京都,1,3歳未勝利,3歳未勝利牝,,1800,ダート,良,晴,エアリアルグレース,川又賢治,牝3,55.0,15,14,148.2,7,1:56.0,39.1,1.6,470,0,0,,吉村圭司,Astrology,中央,条件・未勝利
2026-05-24,京都,3,3歳未勝利,3歳未勝利,,1600,芝,良,晴,ゴッドレイ,松若風馬,牝3,55.0,18,8,29.2,13,1:34.3,36.2,1.4,392,-6,0,,杉山晴紀,ダイワメジャー,中央,条件・未勝利
2026-05-24,京都,3,3歳未勝利,3歳未勝利,,1600,芝,良,晴,アスクウルトラモア,長浜鴻緒,牡3,56.0,18,17,411.3,16,1:34.9,36.3,2.0,394,2,0,,前川恭子,Kendargent,中央,条件・未勝利
2026-05-24,京都,6,3歳1勝クラス,3歳1勝,,1900,ダート,良,晴,アンソニー,M.デムーロ,牡3,57.0,15,6,15.0,9,2:00.5,39.8,1.7,496,0,0,,安田翔伍,ヨハネスブルグ,中央,条件・未勝利
2026-05-24,新潟,2,3歳未勝利,3歳未勝利牝,,1200,ダート,稍重,小雨,メイワメジェール,大久保友雅,牝3,52.0,14,7,20.3,4,1:13.0,38.7,0.5,466,-2,890000,,茶木太樹,Oflee Wild,中央,条件・未勝利
2026-05-24,新潟,5,3歳未勝利,3歳未勝利,,2000,芝,稍重,曇,ダノンミッドナイト,小沢大仁,牡3,57.0,16,1,4.4,6,2:04.2,36.4,0.4,486,0,0,,中内田充正,キンシャサノキセキ,中央,条件・未勝利
2026-05-24,高知,1,3歳-6,3歳6組,,1300,ダート,不良,曇,シティプロスパー,吉原寛人,牝3,55.0,9,1,1.5,1,1:23.4,38.3,-0.1,430,-4,600000,,打越勇児,City Zip,地方,条件・未勝利
2026-05-25,金沢,7,ピンクコーラル特別,3歳B1,,1400,ダート,良,晴,フィオーレクラウド,加藤翔馬,牝3,55.0,9,4,9.0,2,1:34.7,41.6,0.2,463,2,153000,,加藤和義,シンボリクリスエス,地方,条件・未勝利
2026-05-30,京都,3,3歳未勝利,3歳未勝利,,1400,芝,良,晴,ゴッドアイ,武豊,牝3,55.0,17,3,5.6,5,1:20.6,35.2,0.3,420,-6,590000,,橋口慎介,アドマイヤムーン,中央,条件・未勝利
2026-05-30,京都,4,3歳未勝利,3歳未勝利,,2400,芝,良,晴,ドンテスタマスター,坂井瑠星,牡3,57.0,18,2,3.7,2,2:25.7,35.3,0.4,516,0,2400000,,杉山晴紀,Intikhab,中央,条件・未勝利
2026-05-30,京都,4,3歳未勝利,3歳未勝利,,2400,芝,良,晴,ラルクアンレーヴ,吉村誠之助,牡3,57.0,18,9,65.4,14,2:27.8,36.2,2.5,470,-8,0,,清水久詞,サクラバクシンオー,中央,条件・未勝利
2026-05-30,東京,2,3歳未勝利,3歳未勝利,,2400,芝,良,晴,ジングアップ,佐々木大輔,牡3,57.0,16,4,14.2,4,2:25.3,35.2,0.7,448,2,890000,,大竹正博,Storm Cat,中央,条件・未勝利
2026-05-31,ウッドバイン,10,Maiden Claiming,3yo&up Maiden,,1408,AW,Fast,晴,Grand Warrior,R M Hernandes,セン3,,8,2,,5,1:26.02,39.0,0.4,,,0,,D Desruiseaux,アグネスデジタル,海外,条件・未勝利
2026-05-31,京都,1,3歳未勝利,3歳未勝利牝,,1800,ダート,良,晴,マリノエステーラ,柴田裕一郎,牝3,53.0,16,12,106.1,5,1:54.7,37.9,1.2,434,12,590000,,中竹和也,First Samurai,中央,条件・未勝利
2026-05-31,京都,11,白百合S,3歳OP,L,1800,芝,良,晴,バースデイフライト,田口貫太,牝3,55.0,9,6,16.9,4,1:47.3,32.8,0.2,450,2,3200000,96,新谷功一,War Front,中央,リステッド
2026-05-31,京都,11,白百合S,3歳OP,L,1800,芝,良,晴,ムスクレスト,鮫島克駿,牡3,57.0,9,7,27.4,5,1:47.8,33.2,0.7,468,-4,2100000,95,安田翔伍,Temple City,中央,リステッド
2026-05-31,京都,5,3歳未勝利,3歳未勝利,,1600,芝,良,晴,エアヴァイブス,高杉吏麒,牝3,55.0,18,1,2.5,7,1:33.9,34.8,0.4,426,-4,0,,福永祐一,ハービンジャー,中央,条件・未勝利
2026-05-31,東京,11,東京優駿,3歳OP,GI,2400,芝,良,晴,ゴーイントゥスカイ,武豊,牡3,57.0,18,3,6.6,4,2:22.8,32.8,0.1,498,-6,45000000,117,上原佑紀,Tapit,中央,重賞
2026-05-31,東京,11,東京優駿,3歳OP,GI,2400,芝,良,晴,コンジェスタス,西村淳也,牡3,57.0,18,6,13.2,9,2:23.1,33.6,0.4,508,-10,0,114,高野友和,Alamosa,中央,重賞
2026-05-31,東京,4,3歳未勝利,3歳未勝利,,1600,芝,良,晴,ルシアージュ,丸山元気,牝3,55.0,18,6,23.8,5,1:34.6,34.0,0.8,432,-4,590000,,高柳瑞樹,エイシンフラッシュ,中央,条件・未勝利
2026-06-04,園田,10,氷ノ山特別,3歳登録馬,,1400,ダート,稍重,曇,トゥレネヴェリテ,田野豊,牡3,57.0,11,5,19.8,2,1:30.9,39.7,0.8,455,1,600000,,中竹和也,Cozzene,地方,条件・未勝利
2026-06-06,東京,7,3歳未勝利,3歳未勝利,,2000,芝,良,晴,ヤマメホープ,戸崎圭太,牡3,57.0,16,4,7.4,5,1:59.9,34.1,0.3,480,2,580000,,久保田貴士,Hard Spun,中央,条件・未勝利
2026-06-06,東京,9,稲城特別,3歳上1勝,,2400,芝,良,晴,ヴォートセレスト,石川裕紀人,牡3,54.0,12,5,18.0,6,2:25.3,33.9,0.7,508,12,0,,奥村武,American Post,中央,条件・未勝利
2026-06-06,阪神,12,3歳以上1勝クラス,3歳上1勝,,1400,ダート,良,晴,ルージュバロン,坂井瑠星,牝3,53.0,16,2,5.1,3,1:24.2,37.3,0.1,460,4,2100000,,福永祐一,Union Rags,中央,条件・未勝利
2026-06-06,阪神,5,メイクデビュー阪神,2歳新馬,,1600,芝,良,晴,シャプシュ,田山旺佑,牝2,53.0,6,6,20.7,5,1:37.7,33.5,1.4,430,初出走,780000,,新谷功一,ロードカナロア,中央,条件・未勝利
2026-06-06,阪神,7,3歳未勝利,3歳未勝利,,1600,芝,良,晴,シャロン,鮫島克駿,牝3,55.0,18,18,452.7,8,1:33.4,34.2,0.6,432,0,0,,杉山晴紀,American Pharoah,中央,条件・未勝利
2026-06-06,阪神,7,3歳未勝利,3歳未勝利,,1600,芝,良,晴,マヤノイマジン,古川奈穂,牝3,53.0,18,13,179.1,15,1:35.0,35.2,2.2,450,初出走,0,,矢作芳人,Frankel,中央,条件・未勝利
2026-06-06,阪神,8,3歳以上1勝クラス,3歳上1勝,,2200,芝,良,晴,フウセン,鮫島克駿,牡3,54.0,9,4,5.1,2,2:13.3,33.4,0.3,456,0,3300000,,杉山晴紀,Afleet Alex,中央,条件・未勝利
2026-06-07,ウッドバイン,2,Maiden Claiming,3yo&up Maiden,,1408,AW,Fast,晴,Grand Warrior,P Moran,セン3,,9,3,,1,1:25.86,39.7,-0.1,,,0,,A Adamo,アグネスデジタル,海外,条件・未勝利
2026-06-07,東京,5,メイクデビュー東京,2歳新馬,,1800,芝,良,小雨,シアルナーレ,戸崎圭太,牡2,55.0,10,2,7.0,9,1:50.0,35.0,1.9,442,初出走,0,,田中博康,キンシャサノキセキ,中央,条件・未勝利
2026-06-07,東京,8,3歳以上1勝クラス,3歳上1勝,,1600,芝,良,曇,アンソニー,武豊,牡3,55.0,17,10,22.6,17,1:34.3,34.7,1.5,490,-6,0,,武幸四郎,ヨハネスブルグ,中央,条件・未勝利
2026-06-07,阪神,12,3歳以上1勝クラス,3歳上1勝,,1800,ダート,稍重,小雨,チェリヴェント,吉村誠之助,牡3,55.0,12,1,2.1,1,1:51.3,35.6,-1.0,500,-4,8200000,,清水久詞,Successful Appeal,中央,条件・未勝利
2026-06-07,阪神,12,3歳以上1勝クラス,3歳上1勝,,1800,ダート,稍重,小雨,ココロヅヨサ,浜中俊,牡3,55.0,12,5,13.6,3,1:52.7,36.7,1.4,454,0,2100000,,田中克典,Bodemeister,中央,条件・未勝利
2026-06-07,阪神,2,3歳未勝利,3歳未勝利牝,,1800,芝,良,雨,ジーティーメティオ,坂井瑠星,牝3,55.0,15,4,6.5,2,1:47.2,34.0,0.2,468,10,2300000,,矢作芳人,Montjeu,中央,条件・未勝利
2026-06-07,阪神,4,3歳未勝利,3歳未勝利,,1400,ダート,良,雨,ビッグヒーロー,川田将雅,牡3,57.0,16,1,1.8,3,1:25.3,36.7,0.4,492,2,1500000,,福永祐一,Tale of Ekati,中央,条件・未勝利
2026-06-07,阪神,4,3歳未勝利,3歳未勝利,,1400,ダート,良,雨,レッドピアレス,小沢大仁,牡3,57.0,16,8,41.1,5,1:26.1,38.0,1.2,466,-8,580000,,中内田充正,Mr. Greeley,中央,条件・未勝利
2026-06-07,阪神,6,3歳未勝利,3歳未勝利,,2000,芝,稍重,雨,エースフライト,坂井瑠星,牡3,57.0,16,3,4.4,1,2:00.0,35.0,-0.8,512,-2,5800000,,池江泰寿,Bellamy Road,中央,条件・未勝利
2026-06-07,阪神,6,3歳未勝利,3歳未勝利,,2000,芝,稍重,雨,アスクウルトラモア,河原田菜々,牡3,53.0,16,15,499.8,14,2:02.2,36.7,2.2,390,-4,0,,前川恭子,Kendargent,中央,条件・未勝利
2026-06-07,阪神,6,3歳未勝利,3歳未勝利,,2000,芝,稍重,雨,ショウナンアンバー,吉村誠之助,牡3,57.0,16,14,464.1,16,2:03.1,37.5,3.1,447,4,0,,清水久詞,フジキセキ,中央,条件・未勝利
2026-06-07,高知,4,3歳-6,3歳6組,,1400,ダート,不良,小雨,シティプロスパー,井上瑛太,牝3,55.0,11,1,1.8,2,1:29.9,39.3,0.0,428,-2,240000,,打越勇児,City Zip,地方,条件・未勝利
2026-06-08,金沢,7,ブラックダイヤモンド特別,3歳B1,,1500,ダート,稍重,雨,フィオーレクラウド,吉原寛人,牝3,55.0,10,4,7.5,3,1:41.9,41.0,2.0,462,-1,810000,,加藤和義,シンボリクリスエス,地方,条件・未勝利
2026-06-11,門別,8,3歳以上C4-2,3歳上C4-2,,1200,ダート,良,晴,レヴァンターセ,小野楓馬,牡3,57.0,,,,除外,,,,,,0,,小野望,ヴィクトワールピサ,地方,条件・未勝利
2026-06-13,函館,3,3歳未勝利,3歳未勝利,,1000,ダート,稍重,曇,メイワメジェール,河原田菜々,牝3,51.0,12,5,8.7,7,0:59.3,35.8,1.5,468,2,0,,茶木太樹,Oflee Wild,中央,条件・未勝利
2026-06-13,函館,4,3歳未勝利,3歳未勝利,,2600,芝,稍重,曇,クオンタムスター,佐々木大輔,牡3,57.0,15,2,4.5,1,2:39.6,34.7,-0.6,482,-2,5800000,,堀宣行,Mastercraftsman,中央,条件・未勝利
2026-06-13,東京,1,3歳未勝利,3歳未勝利牝,,1600,ダート,重,晴,ルージュアリスタ,丸山元気,牝3,55.0,16,2,4.2,13,1:39.9,39.7,3.1,496,0,0,,宮田敬介,Afleet Alex,中央,条件・未勝利
2026-06-13,東京,2,3歳未勝利,3歳未勝利,,2400,芝,稍重,晴,スカイドリーマー,三浦皇成,牝3,55.0,18,5,10.8,13,2:27.7,36.2,1.5,446,10,0,,木村哲也,Giant's Causeway,中央,条件・未勝利
2026-06-13,東京,7,3歳未勝利,3歳未勝利,,1600,ダート,稍重,晴,ハニージョー,D.レーン,牡3,57.0,16,1,2.3,7,1:38.8,38.0,1.6,510,0,0,,矢島大樹,Mizzen Mast,中央,条件・未勝利
2026-06-13,阪神,4,3歳未勝利,3歳未勝利,,1800,芝,良,晴,ラパンドール,松山弘平,牡3,57.0,16,1,2.6,1,1:45.9,35.7,0.0,456,8,5800000,,藤原英昭,Tapit,中央,条件・未勝利
2026-06-13,阪神,7,3歳以上1勝クラス,3歳上1勝,,1800,ダート,良,晴,スカイストライプス,M.デムーロ,牡3,55.0,16,3,4.8,16,2:01.4,45.9,8.7,496,2,0,,安田翔伍,Equal Stripes,中央,条件・未勝利
2026-06-13,阪神,8,3歳以上1勝クラス,3歳上1勝牝,,1600,芝,良,晴,バースデイフライト,田口貫太,牝3,53.0,15,4,13.4,2,1:33.4,33.6,0.0,454,4,3300000,,新谷功一,War Front,中央,条件・未勝利
2026-06-14,函館,2,3歳未勝利,3歳未勝利,,1700,ダート,良,晴,ユマハム,横山和生,牡3,57.0,11,4,7.6,4,1:46.8,38.7,1.3,468,4,870000,,田中博康,Rainbow Quest,中央,条件・未勝利
2026-06-14,函館,3,3歳未勝利,3歳未勝利,,1000,ダート,良,晴,エコロセレナ,斎藤新,牝3,55.0,12,1,2.1,7,1:00.2,36.5,1.6,464,-2,0,,斎藤誠,アドマイヤムーン,中央,条件・未勝利
2026-06-14,函館,6,3歳未勝利,3歳未勝利,,2000,芝,良,晴,ヒメヒオウギ,柴田裕一郎,牝3,53.0,16,11,97.5,4,1:59.9,35.6,0.3,386,-4,870000,,中竹和也,ステイゴールド,中央,条件・未勝利
2026-06-14,函館,6,3歳未勝利,3歳未勝利,,2000,芝,良,晴,ボーントゥラブユー,横山琉人,牝3,55.0,16,8,56.2,5,2:00.4,36.3,0.8,474,-4,580000,,小笠倫弘,Street Cry,中央,条件・未勝利
2026-06-14,阪神,2,3歳未勝利,3歳未勝利,,1400,ダート,良,曇,ウイルソン,松山弘平,牡3,57.0,16,2,3.2,9,1:27.5,39.1,2.1,472,0,0,,杉山晴紀,キングカメハメハ,中央,条件・未勝利
2026-06-14,阪神,4,3歳未勝利,3歳未勝利,,2200,芝,良,曇,ダノンミッドナイト,川田将雅,牡3,57.0,17,4,8.2,2,2:12.0,34.4,0.3,486,0,2300000,,中内田充正,キンシャサノキセキ,中央,条件・未勝利
2026-06-14,阪神,4,3歳未勝利,3歳未勝利,,2200,芝,良,曇,ボンボンベイビー,坂井瑠星,牡3,57.0,17,6,22.3,8,2:12.6,34.7,0.9,440,-6,0,,矢作芳人,Galileo,中央,条件・未勝利
2026-06-20,函館,7,3歳未勝利,3歳未勝利牝,,1800,芝,良,晴,ジュラトリー,横山武史,牝3,55.0,16,2,8.0,5,1:47.8,36.1,0.6,454,-2,580000,,池上昌和,Lope de Vega,中央,条件・未勝利
2026-06-20,函館,7,3歳未勝利,3歳未勝利牝,,1800,芝,良,晴,メメボス,横山和生,牝3,55.0,16,6,17.6,12,1:48.6,37.3,1.4,466,8,0,,飯田祐史,ノヴェリスト,中央,条件・未勝利
2026-06-20,東京,5,メイクデビュー東京,2歳新馬,,1600,芝,稍重,小雨,ペアスターロード,松山弘平,牡2,55.0,10,5,12.7,2,1:37.3,34.5,0.5,474,初出走,3100000,,前川恭子,スウェプトオーヴァーボード,中央,条件・未勝利
2026-06-20,阪神,3,3歳未勝利,3歳未勝利牝,,1800,ダート,稍重,曇,マーゴットガイア,西村淳也,牝3,55.0,16,1,3.9,2,1:54.8,40.6,0.0,484,2,2300000,,石坂公一,Camelot,中央,条件・未勝利
2026-06-20,阪神,3,3歳未勝利,3歳未勝利牝,,1800,ダート,稍重,曇,マリノエステーラ,田山旺佑,牝3,53.0,16,9,36.8,10,1:56.8,40.7,2.0,434,0,0,,中竹和也,First Samurai,中央,条件・未勝利
2026-06-20,阪神,3,3歳未勝利,3歳未勝利牝,,1800,ダート,稍重,曇,エアリアルグレース,川又賢治,牝3,55.0,16,14,376.7,13,1:57.9,41.6,3.1,466,-4,0,,吉村圭司,Astrology,中央,条件・未勝利
2026-06-20,阪神,7,3歳以上1勝クラス,3歳上1勝,,2400,芝,稍重,雨,サガルマータ,川田将雅,牡3,54.0,16,1,2.3,1,2:25.8,34.9,-0.3,456,4,8200000,,福永祐一,City Banker,中央,条件・未勝利
2026-06-20,阪神,7,3歳以上1勝クラス,3歳上1勝,,2400,芝,稍重,雨,パウンドフォーワン,坂井瑠星,牡3,54.0,16,5,13.6,3,2:26.1,35.5,0.3,480,-6,2100000,,田中克典,Invincible Spirit,中央,条件・未勝利
2026-06-20,阪神,7,3歳以上1勝クラス,3歳上1勝,,2400,芝,稍重,雨,ロードスタニング,西村淳也,牡3,54.0,16,3,6.8,10,2:28.0,37.4,2.2,514,4,0,,杉山晴紀,キングカメハメハ,中央,条件・未勝利
2026-06-20,阪神,8,3歳以上1勝クラス,3歳上1勝,,1800,ダート,稍重,雨,ココロヅヨサ,川田将雅,牡3,55.0,16,2,6.4,4,1:53.1,37.6,2.1,458,4,1200000,,田中克典,Bodemeister,中央,条件・未勝利
2026-06-20,阪神,8,3歳以上1勝クラス,3歳上1勝,,1800,ダート,稍重,雨,アグレイビューティ,岩田望来,牝3,53.0,16,12,24.6,15,1:56.0,41.1,4.8,466,0,0,,上村洋行,Mastercraftsman,中央,条件・未勝利
2026-06-21,函館,12,3歳以上1勝クラス,3歳上1勝,,1800,芝,良,小雨,ネッタイヤライ,古川奈穂,牡3,53.0,10,2,5.2,7,1:47.7,36.2,0.7,446,10,0,,矢作芳人,キンシャサノキセキ,中央,条件・未勝利
2026-06-21,函館,4,3歳未勝利,3歳未勝利,,1800,芝,良,小雨,ヒシナスキロ,丹内祐次,牝3,55.0,16,1,3.3,8,1:48.6,36.0,0.3,424,-16,0,,堀宣行,Tiz Wonderful,中央,条件・未勝利
2026-06-21,阪神,2,3歳未勝利,3歳未勝利牝,,1600,芝,稍重,晴,ジーティーメティオ,坂井瑠星,牝3,55.0,18,1,3.1,5,1:34.7,35.7,0.6,466,-2,580000,,矢作芳人,Montjeu,中央,条件・未勝利
2026-06-21,阪神,2,3歳未勝利,3歳未勝利牝,,1600,芝,稍重,晴,ブライトエンジェル,角田大和,牝3,55.0,18,6,22.6,14,1:36.5,37.3,2.4,460,6,0,,角田晃一,ロードカナロア,中央,条件・未勝利
2026-06-21,阪神,4,3歳未勝利,3歳未勝利,,2400,芝,稍重,晴,ベルドゥニュイ,富田暁,牝3,55.0,18,17,317.4,12,2:30.0,38.5,2.4,440,6,0,,矢作芳人,キンシャサノキセキ,中央,条件・未勝利
2026-06-21,阪神,4,3歳未勝利,3歳未勝利,,2400,芝,稍重,晴,マヤノイマジン,今村聖奈,牝3,53.0,18,12,112.2,17,2:34.1,41.5,6.5,454,4,0,,矢作芳人,Frankel,中央,条件・未勝利
2026-06-21,阪神,4,3歳未勝利,3歳未勝利,,2400,芝,稍重,晴,ラピス,M.デムーロ,牝3,55.0,18,6,16.1,18,2:40.1,48.8,12.5,432,-2,0,,安田翔伍,Frankel,中央,条件・未勝利
2026-06-21,阪神,8,3歳以上1勝クラス,3歳上1勝牝,,2000,芝,稍重,晴,コニーアイランド,川田将雅,牝3,53.0,8,2,2.6,3,2:02.6,34.8,0.7,480,2,2100000,,中内田充正,All American,中央,条件・未勝利
2026-06-21,高知,3,3歳-5,3歳5組,,1300,ダート,不良,晴,シティプロスパー,宮川実,牝3,55.0,11,1,1.4,1,1:24.5,40.2,-0.2,428,0,600000,,打越勇児,City Zip,地方,条件・未勝利
2026-06-23,金沢,8,あかねこちゃんねる五周年記念,3歳A3,,1400,ダート,重,曇,フィオーレクラウド,吉原寛人,牝3,55.0,9,5,22.8,7,1:34.7,41.3,1.7,461,-1,0,,加藤和義,シンボリクリスエス,地方,条件・未勝利
2026-06-26,園田,7,3歳C1一,3歳C1,,1400,ダート,不良,雨,アスピラシオン,吉村智洋,牡3,56.0,11,3,5.9,8,1:32.9,40.4,1.4,513,13,0,,森澤友貴,Van Nistelrooy,地方,条件・未勝利
2026-06-27,函館,1,3歳未勝利,3歳未勝利,,1200,芝,重,晴,アリアス,横山武史,牝3,55.0,16,6,15.7,6,1:09.9,34.6,0.7,420,-4,0,,高柳瑞樹,シンボリクリスエス,中央,条件・未勝利
2026-06-27,函館,4,3歳未勝利,3歳未勝利,,1800,芝,稍重,晴,エアヴァイブス,武豊,牝3,55.0,16,1,4.3,7,1:48.3,35.5,0.3,432,6,0,,福永祐一,ハービンジャー,中央,条件・未勝利
2026-06-27,小倉,3,3歳未勝利,3歳未勝利牝,,1800,芝,重,曇,オーロラボレアリス,M.デムーロ,牝3,55.0,16,5,8.5,7,1:48.3,35.5,1.1,470,-4,0,,吉岡辰弥,To Honor and Serve,中央,条件・未勝利
2026-06-27,小倉,6,3歳未勝利,3歳未勝利,,2000,芝,稍重,晴,ブライトキングダム,松山弘平,牡3,57.0,16,5,10.1,16,2:04.5,39.6,4.3,530,初出走,0,,池江泰寿,ジャングルポケット,中央,条件・未勝利
2026-06-27,福島,8,3歳未勝利,3歳未勝利,,2000,芝,良,晴,オートカリテ,石橋脩,牝3,55.0,16,3,8.0,11,2:00.5,37.4,0.9,516,0,0,,牧光二,Quality Road,中央,条件・未勝利
2026-06-28,函館,3,3歳未勝利,3歳未勝利,,1000,ダート,稍重,晴,エコロセレナ,斎藤新,牝3,55.0,12,3,7.2,3,0:59.4,35.9,0.8,470,6,1500000,,斎藤誠,アドマイヤムーン,中央,条件・未勝利
2026-06-28,函館,4,3歳未勝利,3歳未勝利,,2600,芝,良,晴,ジングアップ,岩田望来,牡3,57.0,16,5,8.1,5,2:40.8,36.5,1.5,442,-6,580000,,大竹正博,Storm Cat,中央,条件・未勝利
2026-06-28,函館,4,3歳未勝利,3歳未勝利,,2600,芝,良,晴,アルタティール,長浜鴻緒,牡3,56.0,16,11,85.3,11,2:41.4,36.1,2.1,418,-4,0,,手塚貴久,Poet's Voice,中央,条件・未勝利
2026-06-28,函館,9,臥牛山特別,3歳上1勝,,1800,芝,良,晴,ネッタイヤライ,坂井瑠星,牡3,55.0,10,4,10.4,6,1:47.7,36.0,0.8,446,0,0,,矢作芳人,キンシャサノキセキ,中央,条件・未勝利
2026-06-28,小倉,1,3歳未勝利,3歳未勝利,,1200,芝,良,曇,ヴィーラー,菱田裕二,牝3,55.0,18,10,63.4,11,1:10.3,36.0,1.3,426,4,0,,矢作芳人,Easing Along,中央,条件・未勝利
2026-06-28,小倉,2,3歳未勝利,3歳未勝利,,1800,芝,良,曇,シャロン,泉谷楓真,牝3,55.0,16,9,59.9,7,1:48.4,36.3,1.2,430,-2,0,,杉山晴紀,American Pharoah,中央,条件・未勝利
2026-06-28,小倉,4,3歳未勝利,3歳未勝利,,1700,ダート,稍重,晴,レッドピアレス,西村淳也,牡3,57.0,16,3,10.0,7,1:48.5,39.2,1.7,460,-6,0,,中内田充正,Mr. Greeley,中央,条件・未勝利
2026-06-28,福島,11,ラジオNIKKEI賞,3歳OP,GIII,1800,芝,良,晴,バドリナート,津村明秀,牡3,57.0,16,13,29.1,4,1:45.6,34.2,0.4,490,-2,6200000,107,松永幹夫,Galileo,中央,重賞
2026-06-28,福島,11,ラジオNIKKEI賞,3歳OP,GIII,1800,芝,良,晴,ジーネキング,菊沢一樹,牡3,56.0,16,6,11.1,7,1:45.8,34.7,0.6,494,4,0,103,斎藤誠,Into Mischief,中央,重賞
2026-06-28,福島,11,ラジオNIKKEI賞,3歳OP,GIII,1800,芝,良,晴,ルージュボヤージュ,北村宏司,牝3,52.0,16,5,9.0,10,1:45.9,35.0,0.7,464,-8,0,94,木村哲也,Orpen,中央,重賞
2026-06-28,福島,8,3歳以上1勝クラス,3歳上1勝,,2600,芝,良,晴,エースフライト,戸崎圭太,牡3,54.0,13,1,2.5,3,2:39.0,34.7,0.4,506,-6,2100000,,池江泰寿,Bellamy Road,中央,条件・未勝利
2026-06-30,フォートエリー,6,Allowance,3yo&up have never won 2,,1408,芝,Firm,晴,Grand Warrior,R Maragh,セン3,,8,2,,5,,,,,,0,,A Adamo,アグネスデジタル,海外,条件・未勝利
2026-07-01,門別,2,ゴールデンルーキー市場修斗賞,一般,,1200,ダート,良,晴,レヴァンターセ,小野楓馬,牡3,57.0,8,1,2.7,7,1:18.1,40.8,3.1,478,12,0,,小野望,ヴィクトワールピサ,地方,条件・未勝利
2026-07-04,函館,2,3歳未勝利,3歳未勝利,,1800,芝,良,晴,ヒメヒオウギ,河原田菜々,牝3,51.0,16,5,10.6,4,1:48.3,34.4,0.1,390,4,870000,,中竹和也,ステイゴールド,中央,条件・未勝利
2026-07-04,函館,2,3歳未勝利,3歳未勝利,,1800,芝,良,晴,ボーントゥラブユー,横山琉人,牝3,55.0,16,7,17.2,6,1:48.5,35.1,0.3,474,0,0,,小笠倫弘,Street Cry,中央,条件・未勝利
2026-07-04,函館,2,3歳未勝利,3歳未勝利,,1800,芝,良,晴,ユマハム,舟山瑠泉,牡3,56.0,16,6,13.0,7,1:48.5,35.5,0.3,466,-2,0,,田中博康,Rainbow Quast,中央,条件・未勝利
2026-07-04,小倉,3,3歳未勝利,3歳未勝利,,2600,芝,重,曇,ベルドゥニュイ,富田暁,牝3,55.0,16,16,241.0,12,2:47.9,43.4,6.8,434,-6,0,,矢作芳人,キンシャサノキセキ,中央,条件・未勝利
2026-07-04,小倉,3,3歳未勝利,3歳未勝利,,2600,芝,重,曇,スピーチバルーン,団野大成,牝3,55.0,16,9,32.4,16,2:50.1,45.7,9.0,438,14,0,,吉村圭司,Mr Speaker,中央,条件・未勝利
2026-07-04,小倉,4,3歳未勝利,3歳未勝利牝,,1700,ダート,不良,曇,マーゴットガイア,西村淳也,牝3,55.0,16,1,2.0,2,1:45.0,37.9,0.4,482,-2,2300000,,石坂公一,Camelot,中央,条件・未勝利
2026-07-04,小倉,7,3歳未勝利,3歳未勝利,,1800,芝,重,曇,プリティウーマン,J.コレット,牝3,55.0,16,11,79.8,11,1:49.7,37.5,1.7,422,-8,0,,高橋一哉,Kingmambo,中央,条件・未勝利
2026-07-04,小倉,7,3歳未勝利,3歳未勝利,,1800,芝,重,曇,サンライズレマ,藤懸貴志,牡3,57.0,16,12,91.0,14,1:50.3,37.2,2.3,486,4,0,,石坂公一,ジャスタウェイ,中央,条件・未勝利
2026-07-04,福島,2,3歳未勝利,3歳未勝利,,2600,芝,稍重,曇,ボンボンベイビー,吉田豊,牡3,57.0,16,7,15.7,1,2:39.2,35.7,-0.1,438,-2,5800000,,矢作芳人,Galileo,中央,条件・未勝利
2026-07-04,福島,7,3歳未勝利,3歳未勝利牝,,2000,芝,良,晴,フロンテアムーン,石田拓郎,牝3,52.0,16,10,49.8,6,2:00.4,36.3,0.4,398,-10,0,,奥村武,メイショウサムソン,中央,条件・未勝利
2026-07-04,福島,7,3歳未勝利,3歳未勝利牝,,2000,芝,良,晴,スターリットフレア,杉原誠人,牝3,55.0,16,7,24.9,16,2:06.2,41.8,6.2,468,-12,0,,田中博康,Frankel,中央,条件・未勝利
2026-07-04,高知,1,3歳-2,3歳2組,,1400,ダート,不良,雨,ショウナンアンバー,岡村卓弥,牡3,57.0,11,8,27.7,4,1:31.6,40.1,0.4,454,8,120000,,國澤輝幸,フジキセキ,地方,条件・未勝利
2026-07-04,高知,1,3歳-3,3歳2組,,1400,ダート,不良,雨,シティプロスパー,宮川実,牝3,55.0,11,1,1.7,5,1:31.8,40.7,0.6,430,2,60000,,打越勇児,City Zip,地方,条件・未勝利
2026-07-05,函館,6,3歳未勝利,3歳未勝利,,2000,芝,良,曇,アルタティール,長浜鴻緒,牡3,56.0,16,13,301.2,14,2:02.8,36.2,1.4,418,0,0,,手塚貴久,Poet's Voice,中央,条件・未勝利
2026-07-05,小倉,3,3歳未勝利,3歳未勝利牝,,2000,芝,重,曇,アオイハルカ,今村聖奈,牝3,53.0,18,8,39.3,1,2:01.9,36.3,-0.3,426,0,5800000,,大久保龍志,キングカメハメハ,中央,条件・未勝利
2026-07-05,小倉,9,青島特別,3歳上1勝,,1800,芝,重,曇,ムスクレスト,松山弘平,牡3,55.0,8,3,5.7,3,1:49.5,36.8,0.8,470,2,2933000,,安田翔伍,Temple City,中央,条件・未勝利
2026-07-05,福島,3,3歳未勝利,3歳未勝利,,1800,芝,良,晴,ヤマメホープ,戸崎圭太,牡3,57.0,16,1,3.2,2,1:48.4,35.6,0.0,476,-4,2300000,,久保田貴士,Hard Spun,中央,条件・未勝利
2026-07-05,福島,3,3歳未勝利,3歳未勝利,,1800,芝,良,晴,ブラッククラウズ,三浦皇成,牡3,57.0,16,8,23.1,15,1:52.4,37.5,4.0,468,初出走,0,,尾関知人,Dubawi,中央,条件・未勝利
2026-07-05,福島,5,メイクデビュー福島,2歳新馬,,2000,芝,良,晴,タイセイソアリング,菊沢一樹,牡2,55.0,16,12,68.7,5,2:03.6,36.3,0.4,494,初出走,780000,,池上昌和,Montjeu,中央,条件・未勝利
2026-07-05,金沢,6,3歳A4,3歳A4,,1500,ダート,良,曇,フィオーレクラウド,吉原寛人,牝3,55.0,11,4,15.2,7,1:41.7,42.9,3.3,461,0,0,,加藤和義,シンボリクリスエス,地方,条件・未勝利
2026-07-07,金沢,1,3歳B7,3歳B7,,1500,ダート,重,晴,ラルクアンレーヴ,魚住謙心,牡3,57.0,9,3,5.0,3,1:41.4,42.6,1.1,470,0,77000,,鋤田誠二,サクラバクシンオー,地方,条件・未勝利
2026-07-07,金沢,7,加賀片山津賞,3歳未勝利,,1500,ダート,稍重,晴,カモンレイル,柴田裕一郎,セン3,55.0,9,6,22.2,6,1:39.2,40.5,1.3,419,-9,0,,中竹和也,ウォーエンブレム,地方,条件・未勝利
2026-07-11,函館,4,3歳未勝利,3歳未勝利,,1800,芝,稍重,曇,メメボス,古川吉洋,牝3,55.0,14,11,44.7,8,1:48.2,35.9,0.7,470,4,0,,飯田祐史,ノヴェリスト,中央,条件・未勝利
2026-07-11,小倉,9,英彦山特別,3歳上1勝,,2600,芝,良,晴,フリーガー,J.コレット,牡3,55.0,11,8,28.8,6,2:41.2,36.5,1.5,428,-18,0,,矢作芳人,Ghostzapper,中央,条件・未勝利
2026-07-11,福島,3,2歳未勝利,2歳未勝利,,1800,芝,良,曇,シアルナーレ,坂井瑠星,牡2,55.0,14,5,7.8,5,1:48.2,35.9,0.6,436,-6,590000,,田中博康,キンシャサノキセキ,中央,条件・未勝利
2026-07-11,福島,3,2歳未勝利,2歳未勝利,,1800,芝,良,曇,ペアスターロード,戸崎圭太,牡2,55.0,14,2,4.3,10,1:48.9,36.9,1.3,470,-4,0,,前川恭子,スウェプトオーヴァーボード,中央,条件・未勝利
2026-07-12,函館,12,3歳以上1勝クラス,3歳上1勝,,1200,芝,重,曇,シャルトル,北村友一,牡3,55.0,8,2,3.5,7,1:10.8,36.4,0.7,450,-2,0,,栗田徹,Uncle Mo,中央,条件・未勝利
2026-07-12,函館,2,3歳未勝利,3歳未勝利牝,,2000,芝,重,小雨,エアヴァイブス,武豊,牝3,55.0,13,1,2.9,5,2:03.3,38.8,0.9,428,-4,580000,,福永祐一,ハービンジャー,中央,条件・未勝利
2026-07-12,函館,2,3歳未勝利,3歳未勝利牝,,2000,芝,重,小雨,ボーントゥラブユー,鮫島克駿,牝3,55.0,13,3,5.2,12,2:05.5,41.2,3.1,472,-2,0,,小笠倫弘,Street Cry,中央,条件・未勝利
2026-07-12,函館,9,北海ハンデキャップ,3歳上1勝,,1800,芝,重,雨,テルヒコウ,武豊,牡3,54.0,14,2,3.7,2,1:49.1,36.4,0.2,476,-2,6386000,,矢作芳人,ヴィクトワールピサ,中央,条件・未勝利
2026-07-12,小倉,1,3歳未勝利,3歳未勝利牝,,1200,芝,良,晴,ブライトエンジェル,角田大和,牝3,55.0,17,4,7.1,12,1:09.3,35.7,1.2,456,-4,0,,角田晃一,ロードカナロア,中央,条件・未勝利
2026-07-12,福島,2,3歳未勝利,3歳未勝利,,1700,ダート,稍重,小雨,レアリゼソンレーヴ,三浦皇成,牡3,57.0,15,6,18.2,9,1:49.5,40.7,3.4,474,2,0,,大竹正博,Dubawi,中央,条件・未勝利
2026-07-16,門別,7,3歳以上C4-2,3歳上C4,,1200,ダート,重,晴,レヴァンターセ,小野楓馬,牡3,57.0,7,5,15.2,7,1:16.4,40.1,1.4,472,-6,0,,小野望,ヴィクトワールピサ,地方,条件・未勝利
2026-07-17,園田,9,キキョウ賞,3歳上C2,,1870,ダート,良,晴,アスピラシオン,吉村智洋,牡3,56.0,10,4,12.5,5,2:06.2,41.0,0.7,511,-2,80000,,森澤友貴,Van Nistelrooy,地方,条件・未勝利
2026-07-18,函館,2,3歳未勝利,3歳未勝利牝,,1000,ダート,良,曇,メメボス,古川吉洋,牝3,55.0,12,5,13.6,8,1:00.6,36.9,1.0,470,0,0,,飯田祐史,ノヴェリスト,中央,条件・未勝利
2026-07-18,函館,6,3歳未勝利,3歳未勝利,,1800,芝,良,小雨,ジュラトリー,横山武史,牝3,55.0,12,3,8.8,6,1:49.0,37.6,1.1,452,-2,0,,池上昌和,Lope de Vega,中央,条件・未勝利
2026-07-18,小倉,8,3歳以上1勝クラス,3歳上1勝,,2000,芝,良,晴,フウセン,J.コレット,牡3,55.0,10,1,2.7,1,2:00.7,35.4,-0.4,460,4,8200000,,杉山晴紀,Afleet Alex,中央,条件・未勝利
2026-07-18,福島,6,3歳未勝利,3歳未勝利,,1700,ダート,良,曇,オートカリテ,石橋脩,牝3,55.0,15,5,10.3,8,1:47.7,39.1,0.7,516,0,0,,牧光二,Quality Road,中央,条件・未勝利
2026-07-19,函館,2,3歳未勝利,3歳未勝利,,1000,ダート,不良,小雨,エコロセレナ,齋藤新,牝3,55.0,10,2,2.7,4,0:59.5,36.2,0.8,470,0,870000,,齋藤誠,アドマイヤムーン,中央,条件・未勝利
2026-07-19,函館,7,3歳以上1勝クラス,3歳上1勝牝,,1700,ダート,不良,曇,ジーティーアリア,北村友一,牝3,53.0,14,4,5.4,7,1:44.6,38.3,1.5,446,-4,0,,田中克典,Siyouni,中央,条件・未勝利
2026-07-19,小倉,4,3歳未勝利,3歳未勝利,,2000,芝,良,晴,ヴィーラー,富田暁,牝3,55.0,14,8,70.6,6,2:02.0,36.1,1.1,420,-6,0,,矢作芳人,Easing Along,中央,条件・未勝利
2026-07-19,小倉,6,3歳未勝利,3歳未勝利,,1700,ダート,良,晴,トゥレネヴェリテ,柴田裕一郎,牡3,55.0,14,10,50.3,5,1:48.8,40.1,1.1,458,3,580000,,中竹和也,Cozzene,中央,条件・未勝利
2026-07-19,福島,5,メイクデビュー福島,2歳新馬,,2000,芝,良,晴,エンルートフライト,津村明秀,牡2,55.0,13,4,12.3,2,2:04.9,34.9,0.3,486,初出走,3100000,,池添学,クロフネ,中央,条件・未勝利
2026-07-19,福島,5,メイクデビュー福島,2歳新馬,,2000,芝,良,晴,マハロハ,団野大成,牝2,55.0,13,3,9.5,7,2:06.1,36.2,1.5,458,初出走,0,,清水久詞,キングカメハメハ,中央,条件・未勝利
2026-07-19,高知,5,3歳-2,3歳2組,,1600,ダート,不良,晴,ショウナンアンバー,塚本征吾,牡3,57.0,8,2,4.2,7,1:49.1,41.6,3.1,450,-4,0,,國澤輝幸,フジキセキ,地方,条件・未勝利
2026-07-20,フォートエリー,1,Allowance,3yo&up have never won 2,,1673,ダート,Fast,晴,Grand Warrior,S Vives,セン3,,5,1,,1,1:44.48,,,,,0,,A Adamo,アグネスデジタル,海外,条件・未勝利
2026-07-20,金沢,2,3歳B8,3歳B8,,1400,ダート,良,晴,ラルクアンレーヴ,加藤翔馬,牡3,57.0,8,1,1.4,1,1:34.2,39.3,-0.9,463,-7,430000,,鋤田誠二,サクラバクシンオー,地方,条件・未勝利
2026-07-22,門別,7,リゲル特別,3歳C1,,1200,ダート,稍重,曇,メイワメジェール,石川倭,牝3,55.0,9,1,1.4,4,1:15.3,38.7,0.6,470,2,140000,,茶木太樹,Oflee Wild,地方,条件・未勝利
2026-07-23,園田,10,六甲山特別,3歳交流未勝利,,1400,ダート,良,晴,マリノエステーラ,柴田裕一郎,牝3,53.0,9,2,3.7,1,1:31.3,38.9,-0.3,436,2,1500000,,中竹和也,First Samurai,地方,条件・未勝利
2026-07-25,中京,12,3歳未勝利,3歳未勝利,,1600,芝,良,晴,ビッグヒーロー,川田将雅,牡3,57.0,16,2,3.4,2,1:32.5,34.8,0.1,486,-6,2300000,,福永祐一,Tale of Ekati,中央,条件・未勝利
2026-07-25,中京,12,3歳未勝利,3歳未勝利,,1600,芝,良,晴,アスクブームキセキ,西塚洸二,牡3,57.0,16,9,43.8,6,1:33.0,34.9,0.6,462,2,0,,藤原英昭,フジキセキ,中央,条件・未勝利
2026-07-25,中京,12,3歳未勝利,3歳未勝利,,1600,芝,良,晴,レッドピアレス,中井裕二,牡3,57.0,16,10,56.7,10,1:33.5,35.7,1.1,464,4,0,,中内田充正,Mr. Greeley,中央,条件・未勝利
2026-07-25,中京,3,3歳未勝利,3歳未勝利,,2000,芝,良,晴,コスモフィレンツェ,幸英明,牡3,57.0,12,2,3.3,2,2:01.0,34.0,0.1,482,-8,2300000,,北出成人,Nathaniel,中央,条件・未勝利
2026-07-25,中京,3,3歳未勝利,3歳未勝利,,2000,芝,良,晴,ラピス,M.デムーロ,牝3,55.0,12,6,34.5,7,2:01.8,33.4,0.9,432,-2,0,,安田翔伍,Frankel,中央,条件・未勝利
2026-07-25,新潟,6,豊栄特別,3歳上2勝,,1600,芝,良,曇,ジーネキング,斎藤新,牡3,55.0,15,2,4.6,2,1:31.8,33.3,0.2,494,0,6396000,,斎藤誠,Into Mischief,中央,条件・未勝利
2026-07-25,札幌,4,3歳未勝利,3歳未勝利牝,,1500,芝,良,曇,エアヴァイブス,武豊,牝3,55.0,14,3,4.5,3,1:28.2,34.3,0.3,426,-2,1500000,,福永祐一,ハービンジャー,中央,条件・未勝利
2026-07-25,札幌,4,3歳未勝利,3歳未勝利牝,,1500,芝,良,曇,サンセリテ,舟山瑠泉,牝3,54.0,14,6,9.8,6,1:28.8,34.8,0.9,446,6,0,,鹿戸雄一,Street Sence,中央,条件・未勝利
2026-07-26,中京,10,3歳以上1勝クラス,3歳上1勝,,1400,ダート,良,晴,ポッドリプル,荻野極,牡3,55.0,16,1,2.7,1,1:24.5,37.1,0.0,464,0,8200000,,辻野泰之,Charm Spirit,中央,条件・未勝利
2026-07-26,中京,11,3歳以上1勝クラス,3歳上1勝牝,,1600,芝,良,晴,バースデイフライト,田山旺佑,牝3,52.0,16,1,4.1,3,1:33.3,33.6,0.3,444,-10,2100000,,新谷功一,War Front,中央,条件・未勝利
2026-07-26,中京,12,3歳未勝利,3歳未勝利,,1200,芝,良,晴,ウイングサンライズ,坂井瑠星,牝3,55.0,15,5,19.3,4,1:08.4,33.9,0.6,408,2,870000,,矢作芳人,Harland's Holiday,中央,条件・未勝利
2026-07-26,中京,2,メイクデビュー中京,2歳新馬,,2000,芝,良,曇,テーオーカメリア,藤懸貴志,牝2,55.0,6,6,29.6,2,2:02.3,34.5,1.1,440,初出走,3100000,,梅田智之,クロフネ,中央,条件・未勝利
2026-07-26,中京,3,3歳未勝利,3歳未勝利,,2200,芝,良,晴,ダノンミッドナイト,川田将雅,牡3,57.0,10,1,1.9,1,2:11.5,33.8,-0.2,488,2,5800000,,中内田充正,キンシャサノキセキ,中央,条件・未勝利
2026-07-26,中京,6,木曾川特別,3歳上2勝,,2000,芝,良,晴,レッドラージャ,坂井瑠星,牡3,53.0,10,3,4.3,2,1:58.0,33.7,0.4,526,8,6364000,,友道康夫,Giant's Causeway,中央,条件・未勝利
2026-07-26,中京,9,3歳以上1勝クラス,3歳上1勝,,1400,芝,良,晴,ルージュバロン,横山武史,牝3,53.0,14,5,6.8,2,1:19.3,33.6,0.0,458,-2,3300000,,福永祐一,Union Rags,中央,条件・未勝利
2026-07-26,中京,9,3歳以上1勝クラス,3歳上1勝,,1400,芝,良,晴,スウィッチインラヴ,坂井瑠星,牝3,53.0,14,4,5.4,6,1:19.7,34.7,0.4,448,-12,0,,矢作芳人,Galileo,中央,条件・未勝利
2026-07-26,新潟,4,3歳未勝利,3歳未勝利,,1600,芝,稍重,雨,ルシアージュ,西塚洸二,牝3,55.0,18,5,11.2,3,1:35.4,34.5,0.2,438,6,1500000,,高柳瑞樹,エイシンフラッシュ,中央,条件・未勝利
2026-07-26,札幌,12,厚岸特別,3歳上1勝,,2000,芝,良,晴,フリーガー,西村淳也,牡3,55.0,9,4,8.8,9,2:03.8,38.5,3.6,428,0,0,,矢作芳人,Ghostzapper,中央,条件・未勝利
2026-07-26,札幌,5,メイクデビュー札幌,2歳新馬,,1800,芝,良,晴,リアライズセレスト,武豊,牡2,55.0,10,5,14.6,4,1:49.4,35.3,1.2,424,初出走,1200000,,武幸四郎,Quality Road,中央,条件・未勝利
2026-07-26,札幌,6,3歳未勝利,3歳未勝利,,2000,芝,良,晴,ジングアップ,佐々木大輔,牡3,57.0,12,6,12.9,9,2:02.5,36.7,1.6,434,-8,0,,大竹正博,Storm Cat,中央,条件・未勝利
2026-07-28,門別,11,門別音頭祭り特別,C4,,1700,ダート,稍重,曇,レヴァンターセ,小野楓馬,牡3,57.0,10,4,12.8,5,1:52.4,41.6,2.3,474,2,38000,,小野望,ヴィクトワールピサ,地方,条件・未勝利
2026-08-01,中京,3,3歳未勝利,3歳未勝利,,2000,芝,良,晴,ヴィーラー,富田暁,牝3,55.0,16,10,57.6,6,2:00.5,35.9,1.1,416,-4,0,,矢作芳人,Easing Along,中央,条件・未勝利
2026-08-01,中京,4,3歳未勝利,3歳未勝利牝,,1800,ダート,良,晴,エアリアルグレース,国分恭介,牝3,55.0,16,16,402.8,13,1:58.2,39.9,1.8,472,6,0,,吉村圭司,Astrology,中央,条件・未勝利
2026-08-01,中京,5,3歳未勝利,3歳未勝利,,1800,ダート,良,晴,レッドバベル,吉村誠之助,牡3,57.0,16,8,51.8,11,2:00.5,44.1,5.9,482,初出走,0,,池江泰寿,Kitten's Joy,中央,条件・未勝利
2026-08-01,新潟,11,3歳未勝利,3歳未勝利牝,,2000,芝,良,曇,ヴェニゼロス,戸崎圭太,牝3,55.0,18,3,6.8,4,2:01.2,34.7,0.5,414,-8,870000,,林徹,Skipshot,中央,条件・未勝利
2026-08-01,新潟,11,3歳未勝利,3歳未勝利牝,,2000,芝,良,曇,フロンテアムーン,石田拓郎,牝3,52.0,18,10,59.6,7,2:01.6,35.5,0.9,394,-4,0,,奥村武,メイショウサムソン,中央,条件・未勝利
2026-08-01,新潟,2,メイクデビュー新潟,2歳新馬,,1800,芝,良,曇,セイウンサイフィー,野中悠太郎,牡2,55.0,8,6,68.2,6,1:50.7,34.6,1.5,502,初出走,0,,上原博之,Champs Elysees,中央,条件・未勝利
2026-08-01,札幌,7,3歳未勝利,3歳未勝利,,1800,芝,稍重,曇,ヒメヒオウギ,河原田菜々,牝3,51.0,12,2,4.7,4,1:49.4,35.7,0.7,396,6,870000,,中竹和也,ステイゴールド,中央,条件・未勝利
2026-08-01,札幌,7,3歳未勝利,3歳未勝利,,1800,芝,稍重,曇,ボーントゥラブユー,鮫島克駿,牝3,55.0,12,8,18.5,11,1:50.2,36.3,1.5,478,6,0,,小笠倫弘,Street Cry,中央,条件・未勝利
2026-08-01,札幌,9,釧路湿原特別,3歳上2勝,,1800,芝,稍重,曇,テルヒコウ,武豊,牡3,55.0,7,2,2.5,6,1:49.5,36.6,1.1,470,-6,0,,矢作芳人,ヴィクトワールピサ,中央,条件・未勝利
2026-08-01,高知,3,3歳-3,3歳3組,,1300,ダート,良,晴,シティプロスパー,井上瑛太,牝3,55.0,11,2,3.5,3,1:26.9,40.8,0.7,432,2,180000,,打越勇児,City Zip,地方,条件・未勝利
2026-08-01,高知,3,3歳-3,3歳3組,,1300,ダート,良,晴,ショウナンアンバー,岡村卓弥,牡3,57.0,11,7,40.4,8,1:29.2,41.9,3.0,448,-2,0,,國澤輝幸,フジキセキ,地方,条件・未勝利
2026-08-02,中京,1,3歳未勝利,3歳未勝利牝,,2000,芝,良,晴,ルーチェブリラーレ,岩田望来,牝3,55.0,18,1,2.4,3,2:00.1,35.0,0.4,466,初出走,1500000,,福永祐一,Danehill Dancer,中央,条件・未勝利
2026-08-02,中京,3,メイクデビュー中京,2歳新馬,,1600,芝,良,晴,ムーンパッセ,J.コレット,牡2,55.0,10,5,15.8,7,1:34.8,34.6,0.6,500,初出走,0,,杉山晴紀,キンシャサノキセキ,中央,条件・未勝利
2026-08-02,中京,4,3歳未勝利,3歳未勝利,,1200,ダート,良,晴,リアライズガイザー,泉谷楓真,牡3,57.0,16,8,14.2,9,1:14.3,38.6,1.3,524,2,0,,杉山晴紀,City Zip,中央,条件・未勝利
2026-08-02,新潟,11,3歳未勝利,3歳未勝利,,2200,芝,良,晴,ヤマメホープ,戸崎圭太,牡3,57.0,14,2,3.0,2,2:12.8,35.4,0.3,478,2,2300000,,久保田貴士,Hard Spun,中央,条件・未勝利
2026-08-02,新潟,12,3歳未勝利,3歳未勝利,,1400,芝,良,晴,ゴッドレイ,石田拓郎,牝3,52.0,18,3,6.9,4,1:21.6,34.6,0.4,400,8,870000,,伊藤大士,ダイワメジャー,中央,条件・未勝利
2026-08-02,札幌,1,3歳未勝利,3歳未勝利牝,,1700,ダート,良,晴,クルサール,富田暁,牝3,55.0,14,7,31.0,11,1:49.0,41.0,3.2,450,20,0,,武英智,Medaglia d'Oro,中央,条件・未勝利
2026-08-02,札幌,4,3歳以上1勝クラス,3歳上1勝,,2600,芝,良,晴,クオンタムスター,佐々木大輔,牡3,55.0,13,1,1.7,2,2:39.7,36.7,0.4,492,10,3300000,,堀宣行,Mastercraftsman,中央,条件・未勝利
2026-08-02,札幌,5,メイクデビュー札幌,2歳新馬,,1800,芝,良,晴,オンザボー,佐々木大輔,牡2,55.0,10,3,3.5,3,1:51.2,35.6,0.4,482,初出走,2000000,,田中博康,Temple City,中央,条件・未勝利
2026-08-02,札幌,5,メイクデビュー札幌,2歳新馬,,1800,芝,良,晴,スワッグウォーク,武豊,牡2,55.0,10,2,2.8,4,1:51.9,36.4,1.1,510,初出走,1200000,,武幸四郎,Speightstown,中央,条件・未勝利
2026-08-03,金沢,3,3歳B2,3歳B2,,1400,ダート,良,晴,フィオーレクラウド,加藤翔馬,牝3,55.0,9,2,5.6,7,1:35.1,42.1,1.7,463,2,0,,加藤和義,シンボリクリスエス,地方,条件・未勝利
2026-08-08,中京,12,3歳未勝利,3歳未勝利牝,,1400,芝,良,曇,ゴッドアイ,J.コレット,牝3,55.0,18,1,3.5,1,1:19.8,34.3,-0.2,434,14,5800000,,橋口慎介,アドマイヤムーン,中央,条件・未勝利
2026-08-08,中京,12,3歳未勝利,3歳未勝利牝,,1400,芝,良,曇,ウイングサンライズ,丸山元気,牝3,55.0,18,8,26.1,6,1:20.4,34.6,0.6,402,-6,0,,矢作芳人,Harland's Holiday,中央,条件・未勝利
2026-08-08,中京,4,3歳未勝利,3歳未勝利,,1900,ダート,良,晴,トゥレネヴェリテ,柴田裕一郎,牡3,55.0,16,14,98.9,7,2:03.1,40.7,1.1,458,0,0,,中竹和也,Cozzene,中央,条件・未勝利
2026-08-08,新潟,3,メイクデビュー新潟,2歳新馬,,1800,芝,良,晴,アトミックリーチ,戸崎圭太,牡2,55.0,12,1,2.6,4,1:47.8,33.6,0.6,454,初出走,1200000,,宮田敬介,Bernardini,中央,条件・未勝利
2026-08-08,新潟,5,3歳未勝利,3歳未勝利,,1800,ダート,良,晴,オーロラボレアリス,津村明秀,牝3,55.0,15,4,7.3,5,1:56.6,41.4,1.3,476,6,580000,,吉岡辰弥,To Honor and Serve,中央,条件・未勝利
2026-08-08,札幌,12,摩周湖特別,3歳上2勝,,1500,芝,稍重,曇,ジーネキング,横山武史,牡3,55.0,13,1,3.3,2,1:27.8,34.7,0.0,494,0,6380000,,斎藤誠,Into Mischief,中央,条件・未勝利
2026-08-08,札幌,3,3歳未勝利,3歳未勝利,,1700,ダート,稍重,小雨,ジングアップ,池添謙一,牡3,57.0,14,9,46.8,9,1:49.9,39.2,3.7,434,0,0,,大竹正博,Storm Cat,中央,条件・未勝利
2026-08-08,札幌,4,3歳以上1勝クラス,3歳上1勝,,1500,芝,稍重,曇,ネッタイヤライ,古川奈穂,牡3,53.0,14,7,12.7,4,1:28.3,37.1,0.4,448,2,1200000,,矢作芳人,キンシャサノキセキ,中央,条件・未勝利
2026-08-08,札幌,5,メイクデビュー札幌,2歳新馬,,1800,芝,稍重,曇,シネファイル,斎藤新,牝2,55.0,12,4,9.3,2,1:51.7,35.1,0.4,436,初出走,3100000,,斎藤誠,ルーラーシップ,中央,条件・未勝利
2026-08-08,札幌,5,メイクデビュー札幌,2歳新馬,,1800,芝,稍重,曇,ロマノヴェリテ,北村友一,牡2,55.0,12,7,15.6,3,1:51.7,35.5,0.4,434,初出走,2000000,,中竹和也,Cozzene,中央,条件・未勝利
2026-08-08,札幌,6,3歳未勝利,3歳未勝利牝,,2000,芝,稍重,曇,スウィーティーベル,浜中俊,牝3,55.0,16,9,25.3,8,2:02.0,37.1,1.2,396,-2,0,,田中克典,Star Dabbler,中央,条件・未勝利
2026-08-08,札幌,9,3歳以上1勝クラス,3歳上1勝牝,,1700,ダート,稍重,小雨,ジーティーアリア,北村友一,牝3,53.0,14,5,10.8,4,1:47.2,39.8,0.2,452,6,1200000,,田中克典,Siyouni,中央,条件・未勝利
2026-08-09,中京,1,3歳未勝利,3歳未勝利,,2000,芝,良,晴,ラピス,団野大成,牝3,55.0,16,7,28.2,4,2:00.7,34.4,0.8,438,6,870000,,安田翔伍,Frankel,中央,条件・未勝利
2026-08-09,中京,12,3歳未勝利,3歳未勝利,,1600,芝,良,晴,ビッグヒーロー,川田将雅,牡3,57.0,15,1,2.4,2,1:33.9,34.2,0.2,486,0,2300000,,福永祐一,Tale of Ekati,中央,条件・未勝利
2026-08-09,中京,2,メイクデビュー中京,2歳新馬,,1600,芝,良,晴,レニュアージュ,松山弘平,牝2,55.0,9,3,5.5,1,1:34.8,34.8,-0.1,492,初出走,7800000,,藤原英昭,Broken Vow,中央,条件・未勝利
2026-08-09,中京,3,メイクデビュー中京,2歳新馬,,2000,芝,良,晴,ドラゴンバルド,川田将雅,牡2,55.0,8,1,1.5,1,2:03.6,33.6,-0.2,484,初出走,7800000,,福永祐一,El Corredor,中央,条件・未勝利
2026-08-09,新潟,1,2歳未勝利,2歳未勝利,,2000,芝,良,曇,シアルナーレ,戸崎圭太,牡2,55.0,16,4,7.7,2,2:00.2,35.0,0.2,434,-2,2400000,,田中博康,キンシャサノキセキ,中央,条件・未勝利
2026-08-09,新潟,1,2歳未勝利,2歳未勝利,,2000,芝,良,曇,マハロハ,吉村誠之助,牝2,55.0,16,9,63.1,3,2:01.0,35.9,1.0,450,-8,1500000,,清水久詞,キングカメハメハ,中央,条件・未勝利
2026-08-09,新潟,11,3歳未勝利,3歳未勝利牝,,1600,芝,良,晴,ルシアージュ,吉村誠之助,牝3,55.0,18,5,12.4,8,1:34.2,33.3,0.5,438,0,0,,高柳瑞樹,エイシンフラッシュ,中央,条件・未勝利
2026-08-09,新潟,11,3歳未勝利,3歳未勝利牝,,1600,芝,良,晴,スカイドリーマー,杉原誠人,牝3,55.0,18,10,44.8,11,1:34.7,33.2,1.0,442,-4,0,,木村哲也,Giant's Causeway,中央,条件・未勝利
2026-08-09,新潟,3,3歳未勝利,3歳未勝利牝,,1200,ダート,良,曇,エコロセレナ,岩田望来,牝3,55.0,15,2,4.2,10,1:14.3,39.0,1.7,466,-4,0,,斎藤誠,アドマイヤムーン,中央,条件・未勝利
2026-08-09,新潟,7,レパードS,3歳OP,GIII,1800,ダート,良,晴,チェリヴェント,吉村誠之助,牡3,57.0,12,6,20.8,1,1:51.2,37.6,0.0,504,4,37427000,112,清水久詞,Successful Appeal,中央,重賞
2026-08-09,札幌,6,3歳未勝利,3歳未勝利,,2600,芝,良,晴,ドンテスタマスター,斎藤新,牡3,57.0,14,2,4.4,1,2:43.5,36.0,-0.2,520,4,5800000,,杉山晴紀,Intikhab,中央,条件・未勝利
2026-08-09,札幌,7,3歳未勝利,3歳未勝利,,2000,芝,良,晴,オートカリテ,長浜鴻緒,牝3,54.0,16,7,18.4,14,2:03.5,37.3,1.9,516,0,0,,牧光二,Quality Road,中央,条件・未勝利
2026-08-12,園田,12,C2 3歳以上特別,C2,,1870,ダート,重,雨,アスピラシオン,吉村智洋,牡3,56.0,12,4,8.4,1,2:07.8,42.0,-0.2,508,-3,800000,,森澤友貴,Van Nistelrooy,地方,条件・未勝利
2026-08-12,門別,8,3歳以上C4-2,C4,,1200,ダート,良,晴,ライトフライヤー,小野楓馬,牡3,57.0,11,1,1.8,2,1:15.4,39.2,0.0,508,22,112000,,小野望,Pivotal,地方,条件・未勝利
2026-08-15,中京,4,3歳未勝利,3歳未勝利,,1400,芝,良,曇,ヴィーラー,中井裕二,牝3,55.0,14,12,131.6,13,1:20.9,34.2,1.1,420,4,0,,矢作芳人,Easing Along,中央,条件・未勝利
2026-08-15,新潟,12,3歳未勝利,3歳未勝利,,2000,芝,良,晴,イノーマル,三浦皇成,牡3,57.0,18,3,8.9,11,2:01.1,35.7,0.9,438,初出走,0,,高柳瑞樹,More Than Ready,中央,条件・未勝利
2026-08-15,札幌,2,2歳未勝利,2歳未勝利,,1800,芝,良,晴,オンザボー,佐々木大輔,牡2,55.0,10,3,8.9,2,1:49.1,35.7,0.0,480,-2,2400000,,田中博康,Temple City,中央,条件・未勝利
2026-08-15,札幌,6,3歳未勝利,3歳未勝利,,1500,芝,良,晴,エアヴァイブス,北村友一,牝3,55.0,14,2,4.0,1,1:29.0,34.2,-0.3,422,-4,5800000,,福永祐一,ハービンジャー,中央,条件・未勝利
2026-08-16,中京,11,3歳以上1勝クラス,3歳上1勝,,1400,芝,良,晴,スウィッチインラヴ,松山弘平,牝3,53.0,16,2,6.4,7,1:19.8,34.6,0.4,438,-10,0,,矢作芳人,Galileo,中央,条件・未勝利
2026-08-16,中京,11,3歳以上1勝クラス,3歳上1勝,,1400,芝,良,晴,ルージュバロン,岩田望来,牝3,53.0,16,1,2.1,8,1:19.8,34.3,0.4,460,2,0,,福永祐一,Union Rags,中央,条件・未勝利
2026-08-16,中京,12,3歳未勝利,3歳未勝利,,1800,ダート,良,晴,コンゴウフジ,渡辺竜也,牡3,57.0,16,8,16.2,4,1:55.9,38.9,0.9,458,-20,870000,,福永祐一,キングヘイロー,中央,条件・未勝利
2026-08-16,中京,4,3歳未勝利,3歳未勝利,,2000,芝,良,晴,コスモフィレンツェ,幸英明,牡3,57.0,18,1,2.5,10,1:59.1,36.2,1.4,482,0,0,,北出成人,Nathaniel,中央,条件・未勝利
2026-08-16,新潟,4,メイクデビュー新潟,2歳新馬,,1600,芝,良,晴,アルティシモ,三浦皇成,牡2,55.0,13,5,19.8,8,1:36.0,34.3,1.7,480,初出走,0,,和田正一郎,キンシャサノキセキ,中央,条件・未勝利
2026-08-16,札幌,4,3歳未勝利,3歳未勝利,,1700,ダート,良,晴,ブライトエンジェル,川又賢治,牝3,55.0,14,6,13.6,2,1:46.4,37.2,0.1,464,8,2300000,,角田晃一,ロードカナロア,中央,条件・未勝利
2026-08-16,札幌,5,メイクデビュー札幌,2歳新馬,,1800,芝,良,晴,シティオブドリーム,横山典弘,牝2,55.0,12,3,5.6,1,1:51.7,35.8,-0.3,506,初出走,7800000,,昆貢,Street Cry,中央,条件・未勝利
2026-08-16,札幌,7,3歳未勝利,3歳未勝利,,2000,芝,良,晴,ウイルソン,北村友一,牡3,57.0,16,1,3.3,1,2:00.4,35.6,-0.1,470,-2,5800000,,杉山晴紀,キングカメハメハ,中央,条件・未勝利
2026-08-16,札幌,7,3歳未勝利,3歳未勝利,,2000,芝,良,晴,ヒメヒオウギ,河原田菜々,牝3,55.0,16,6,12.1,4,2:01.1,35.8,0.7,398,2,870000,,中竹和也,ステイゴールド,中央,条件・未勝利
2026-08-16,盛岡,6,3歳C2二組,3歳C2,,1400,ダート,稍重,晴,ユマハム,高橋悠里,牡3,56.0,11,1,1.6,8,1:27.5,39.6,3.6,462,-4,0,,伊藤和忍,Rainbow Quest,地方,条件・未勝利
2026-08-17,金沢,4,だいちくんゆりなさん結婚記念,3歳B3,,1400,ダート,良,曇,ラルクアンレーヴ,魚住謙心,牡3,57.0,10,2,8.6,3,1:33.8,40.6,0.1,460,-3,77000,,鋤田誠二,サクラバクシンオー,地方,条件・未勝利
2026-08-18,金沢,2,加賀片山賞,3歳交流未勝利,,1500,ダート,良,晴,サンライズレマ,藤懸貴志,牡3,57.0,8,4,7.5,1,1:37.4,39.4,-0.7,485,-1,1000000,,石坂公一,ジャスタウェイ,地方,条件・未勝利
2026-08-22,中京,11,3歳未勝利,3歳未勝利,,1600,芝,良,晴,ヴェルサイユシエル,森田誠也,牝3,52.0,16,9,53.2,12,1:33.8,34.6,0.8,442,初出走,0,,斉藤崇史,Tizway,中央,条件・未勝利
2026-08-22,中京,4,3歳未勝利,3歳未勝利,,2000,芝,良,晴,アスクブームキセキ,菱田裕二,牡3,57.0,18,4,7.9,1,1:58.9,33.7,-0.1,462,0,5800000,,藤原英昭,フジキセキ,中央,条件・未勝利
2026-08-22,中京,4,3歳未勝利,3歳未勝利,,2000,芝,良,晴,スピーチバルーン,団野大成,牝3,55.0,18,13,115.0,13,2:00.3,34.8,1.4,440,2,0,,吉村圭司,Mr Speaker,中央,条件・未勝利
2026-08-22,新潟,4,3歳未勝利,3歳未勝利牝,,1800,ダート,良,晴,ルシアージュ,三浦皇成,牝3,55.0,15,7,21.0,5,1:55.3,37.7,0.6,436,-2,580000,,高柳瑞樹,エイシンフラッシュ,中央,条件・未勝利
2026-08-22,新潟,5,3歳未勝利,3歳未勝利,,1600,芝,良,晴,ハニージョー,石川裕紀人,牡3,57.0,18,5,12.3,16,1:35.0,34.6,1.3,506,-4,0,,矢島大樹,Mizzen Mast,中央,条件・未勝利
2026-08-22,札幌,3,3歳未勝利,3歳未勝利,,1700,ダート,良,晴,ジュラトリー,落合玄太,牝3,55.0,14,6,14.3,10,1:48.9,38.8,2.6,448,-4,0,,池上昌和,Lope de Vega,中央,条件・未勝利
2026-08-22,札幌,4,3歳未勝利,3歳未勝利,,2000,芝,良,晴,シーラス,D.レーン,牡3,57.0,16,7,15.6,5,2:01.0,37.1,0.7,460,10,580000,,堀宣行,Violence,中央,条件・未勝利
2026-08-22,札幌,4,3歳未勝利,3歳未勝利,,2000,芝,良,晴,クルサール,川又賢治,牝3,55.0,16,15,334.4,14,2:03.8,39.6,3.5,436,-14,0,,武英智,Medaglia d'Oro,中央,条件・未勝利
2026-08-22,札幌,8,3歳以上1勝クラス,3歳上1勝,,1700,ダート,良,晴,ジーティーアリア,北村友一,牝3,53.0,10,6,11.7,4,1:46.7,38.7,0.5,452,0,1200000,,田中克典,Siyouni,中央,条件・未勝利
2026-08-23,中京,5,3歳以上1勝クラス,3歳上1勝牝,,2000,芝,良,晴,アグレイビューティ,角田大和,牝3,53.0,11,9,26.6,2,1:58.8,33.8,0.2,460,-6,3300000,,上村洋行,Mastercraftsman,中央,条件・未勝利
2026-08-23,新潟,2,メイクデビュー新潟,2歳新馬,,2000,芝,良,曇,オーロラトレイル,北村友一,牝2,55.0,11,3,5.4,6,2:08.6,35.5,1.1,438,初出走,0,,清水久詞,Successful Appeal,中央,条件・未勝利
2026-08-23,新潟,2,メイクデビュー新潟,2歳新馬,,2000,芝,良,曇,オプティミスタ,石川裕紀人,牝2,55.0,11,8,24.9,7,2:08.7,35.1,1.2,472,初出走,0,,手塚貴久,Equal Stripes,中央,条件・未勝利
2026-08-23,新潟,3,メイクデビュー新潟,2歳新馬牝,,1600,芝,良,曇,ドミナント,坂井瑠星,牝2,55.0,12,1,2.1,5,1:37.2,33.1,0.6,494,初出走,780000,,福永祐一,オルフェーヴル,中央,条件・未勝利
2026-08-23,札幌,12,WASJ第4戦,3歳上2勝,,1800,芝,良,晴,テルヒコウ,M.ヴェロン,牡3,56.0,14,6,9.4,14,1:49.5,,1.8,476,6,0,,矢作芳人,ヴィクトワールピサ,中央,条件・未勝利
2026-08-23,札幌,5,メイクデビュー札幌,2歳新馬,,1800,芝,良,晴,ヴァンドレスト,C.ルメール,牡2,55.0,7,1,2.0,1,2:02.6,35.4,-0.3,472,初出走,7800000,,栗田徹,Frankel,中央,条件・未勝利
2026-08-23,札幌,5,メイクデビュー札幌,2歳新馬,,1800,芝,良,晴,ソフィーサンライズ,吉田隼人,牝2,55.0,7,7,43.4,5,2:04.2,37.0,1.6,458,初出走,780000,,矢作芳人,スペシャルウィーク,中央,条件・未勝利
